source bytecode,target bytecode,target opcode,target instruction count,source gas,target gas,gas saved,known optimal,translation validation
616b6c905061102d,50616b6c61102d,POP PUSH 27500 PUSH 4141,3,11,8,3,true,true
617530905061102d,5061753061102d,POP PUSH 30000 PUSH 4141,3,11,8,3,true,true
50829050,505081,POP POP DUP2,3,10,7,3,true,true
6305f5e108549050,506305f5e10854,POP PUSH 100000008 SLOAD,3,208,205,3,false,true
80600061ffff1681,80600081,DUP1 PUSH 0 DUP2,3,15,9,6,true,true
8060018190555050,600155,PUSH 1 SSTORE,2,20016,20003,13,false,true
8060028190555050,600255,PUSH 2 SSTORE,2,20016,20003,13,false,true
8060048190555050,600455,PUSH 4 SSTORE,2,20016,20003,13,false,true
8060058190555050,600555,PUSH 5 SSTORE,2,20016,20003,13,false,true
8060068190555050,600655,PUSH 6 SSTORE,2,20016,20003,13,false,true
8060078190555050,600755,PUSH 7 SSTORE,2,20016,20003,13,false,true
8060088190555050,600855,PUSH 8 SSTORE,2,20016,20003,13,false,true
8060098190555050,600955,PUSH 9 SSTORE,2,20016,20003,13,false,true
80600a8190555050,600a55,PUSH 10 SSTORE,2,20016,20003,13,false,true
80600b8190555050,600b55,PUSH 11 SSTORE,2,20016,20003,13,false,true
80600c8190555050,600c55,PUSH 12 SSTORE,2,20016,20003,13,false,true
80600d8190555050,600d55,PUSH 13 SSTORE,2,20016,20003,13,false,true
80600e8190555050,600e55,PUSH 14 SSTORE,2,20016,20003,13,false,true
80600f8190555050,600f55,PUSH 15 SSTORE,2,20016,20003,13,false,true
8060128190555050,601255,PUSH 18 SSTORE,2,20016,20003,13,false,true
80831115156110ba,8281106110ba,DUP3 DUP2 LT PUSH 4282,4,18,12,6,false,true
8110151515610b59,811015610b59,DUP2 LT ISZERO PUSH 2905,4,18,12,6,false,true
81111515156108ad,8111156108ad,DUP2 GT ISZERO PUSH 2221,4,18,12,6,false,true
8181111515610859,808210610859,DUP1 DUP3 LT PUSH 2137,4,18,12,6,false,true
8260008114610302,828015610302,DUP3 DUP1 ISZERO PUSH 770,4,15,12,3,false,true
8282111515611880,818310611880,DUP2 DUP4 LT PUSH 6272,4,18,12,6,false,true
9060159081908184,601560159192601584,PUSH 21 PUSH 21 SWAP2 SWAP3 PUSH 21 DUP5,6,21,18,3,false,true
9081600082015481,9081815483,SWAP1 DUP2 DUP2 SLOAD DUP4,5,218,212,6,false,true
60008190,806000,DUP1 PUSH 0,2,9,6,3,true,true
60009050,506000,POP PUSH 0,2,8,5,3,true,true
33600032821461103a,33600033321461103a,CALLER PUSH 0 CALLER ORIGIN EQ PUSH 4154,6,16,15,1,false,true
336020808301919091,602033818301,PUSH 32 CALLER DUP2 DUP4 ADD,5,23,14,9,false,true
346000141515610100,3415610100,CALLVALUE ISZERO PUSH 256,3,17,8,9,true,true
426040808301919091,604042818301,PUSH 64 TIMESTAMP DUP2 DUP4 ADD,5,23,14,9,false,true
503361083281610aa6,503361083233610aa6,POP CALLER PUSH 2098 CALLER PUSH 2726,5,13,12,1,false,true
506000151584151514,5091918315,POP SWAP2 SWAP2 DUP4 ISZERO,5,23,14,9,false,true
506000600181905550,506000600155,POP PUSH 0 PUSH 1 SSTORE,4,20016,20008,8,false,true
5060008111156104a4,5080156104a4,POP DUP1 ISZERO PUSH 1188,4,17,11,6,true,true
506000821115610b7d,508115610b7d,POP DUP2 ISZERO PUSH 2941,4,17,11,6,true,true
506001151581151514,5080901515,POP DUP1 SWAP1 ISZERO ISZERO,5,23,14,9,false,true
600460208084018290,600460208184602001,PUSH 4 PUSH 32 DUP2 DUP5 PUSH 32 ADD,6,21,18,3,false,true
602001600080191681,602001600081,PUSH 32 ADD PUSH 0 DUP2,4,21,12,9,false,true
604080519081016040,604051806040016040,PUSH 64 MLOAD DUP1 PUSH 64 ADD PUSH 64,6,20,17,3,false,true
600019166000191681,81,DUP2,1,21,3,18,true,true
6000341115156105e1,6105e134151590,PUSH 1505 CALLVALUE ISZERO ISZERO SWAP1,5,17,14,3,false,true
6000341415156104e5,34156104e5,CALLVALUE ISZERO PUSH 1253,3,17,8,9,true,true
600060008214610db9,60008115610db9,PUSH 0 DUP2 ISZERO PUSH 3513,4,15,12,3,false,true
600060019050610921,6001610921,PUSH 1 PUSH 2337,2,14,6,8,true,true
600060068190555050,506000600655,POP PUSH 0 PUSH 6 SSTORE,4,20016,20008,8,false,true
600061044c54905090,61044c5490,PUSH 1100 SLOAD SWAP1,3,214,206,8,false,true
600063ffffffff1681,600081,PUSH 0 DUP2,2,12,6,6,true,true
600080341115610608,60003415610608,PUSH 0 CALLVALUE ISZERO PUSH 1544,4,17,11,6,false,true
6000808210156105bd,600060016105bd,PUSH 0 PUSH 1 PUSH 1469,3,18,9,9,true,true
600080821080612a05,6000600080612a05,PUSH 0 PUSH 0 DUP1 PUSH 10757,4,18,12,6,true,true
6000808214806108c4,60008115806108c4,PUSH 0 DUP2 ISZERO DUP1 PUSH 2244,5,18,15,3,false,true
600081111515610ff9,80901515610ff9,DUP1 SWAP1 ISZERO ISZERO PUSH 4089,5,18,15,3,false,true
6000813b9050919050,3b90,EXTCODESIZE SWAP1,2,719,703,16,false,true
6000819055506110a8,6000556110a8,PUSH 0 SSTORE PUSH 4264,3,20014,20006,8,false,true
600082141515610e8d,8115610e8d,DUP2 ISZERO PUSH 3725,3,18,9,9,true,true
600083141515610c73,8215610c73,DUP3 ISZERO PUSH 3187,3,18,9,9,true,true
600160005060008381,600160008381,PUSH 1 PUSH 0 DUP4 DUP2,4,17,12,5,true,true
600180811115611151,60016001611151,PUSH 1 PUSH 1 PUSH 4433,3,18,9,9,false,true
600181019050613b28,600101613b28,PUSH 1 ADD PUSH 15144,3,17,9,8,true,
600254600019016000,6001600254036000,PUSH 1 PUSH 2 SLOAD SUB PUSH 0,5,215,212,3,false,true
6002808111156114ed,600260016114ed,PUSH 2 PUSH 1 PUSH 5357,3,18,9,9,false,true
6002819055506113bd,6002556113bd,PUSH 2 SSTORE PUSH 5053,3,20014,20006,8,false,true
60049050,506004,POP PUSH 4,2,8,5,3,true,true
6003808111156112eb,600360016112eb,PUSH 3 PUSH 1 PUSH 4843,3,18,9,9,true,true
600460208083019182,602081016020600482,PUSH 32 DUP2 ADD PUSH 32 PUSH 4 DUP3,6,21,18,3,false,true
60048081111561135c,6004600161135c,PUSH 4 PUSH 1 PUSH 4956,3,18,9,9,true,true
600560208083019182,602081016020600582,PUSH 32 DUP2 ADD PUSH 32 PUSH 5 DUP3,6,21,18,3,false,true
600580811115610cd0,60056001610cd0,PUSH 5 PUSH 1 PUSH 3280,3,18,9,9,false,true
600654439010611619,4360065410611619,NUMBER PUSH 6 SLOAD LT PUSH 5657,5,214,211,3,false,true
6006808111156101a1,600660016101a1,PUSH 6 PUSH 1 PUSH 417,3,18,9,9,true,true
600681905550611a57,600655611a57,PUSH 6 SSTORE PUSH 6743,3,20014,20006,8,false,true
600880549050905090,5060085490,POP PUSH 8 SLOAD SWAP1,4,219,208,11,false,true
600a544290106109dc,42600a54106109dc,TIMESTAMP PUSH 10 SLOAD LT PUSH 2524,5,214,211,3,false,true
600a821115156123c4,600a82116123c4,PUSH 10 DUP3 GT PUSH 9156,4,18,12,6,false,true
600b81905550611fcf,600b55611fcf,PUSH 11 SSTORE PUSH 8143,3,20014,20006,8,false,true
600d819055506122b2,600d556122b2,PUSH 13 SSTORE PUSH 8882,3,20014,20006,8,false,true
600f81905550610bf4,600f55610bf4,PUSH 15 SSTORE PUSH 3060,3,20014,20006,8,false,true
60108190555061150c,60105561150c,PUSH 16 SSTORE PUSH 5388,3,20014,20006,8,false,true
60115442901061053b,426011541061053b,TIMESTAMP PUSH 17 SLOAD LT PUSH 1339,5,214,211,3,false,true
60118190555061134b,60115561134b,PUSH 17 SSTORE PUSH 4939,3,20014,20006,8,false,true
60128190555061150a,60125561150a,PUSH 18 SSTORE PUSH 5386,3,20014,20006,8,false,true
601381905550611509,601355611509,PUSH 19 SSTORE PUSH 5385,3,20014,20006,8,false,true
601481905550611508,601455611508,PUSH 20 SSTORE PUSH 5384,3,20014,20006,8,false,true
601581905550611507,601555611507,PUSH 21 SSTORE PUSH 5383,3,20014,20006,8,false,true
601781905550611506,601755611506,PUSH 23 SSTORE PUSH 5382,3,20014,20006,8,false,true
601881905560008181,6000818183601855,PUSH 0 DUP2 DUP2 DUP4 PUSH 24 SSTORE,6,20018,20015,3,false,true
602001506000610f59,506000610f59,POP PUSH 0 PUSH 3929,3,14,8,6,true,true
602001826000191681,602090018281,PUSH 32 SWAP1 ADD DUP3 DUP2,5,21,15,6,false,true
602054429010612b1c,4260205410612b1c,TIMESTAMP PUSH 32 SLOAD LT PUSH 11036,5,214,211,3,false,true
602060002090600090,6000602060002091,PUSH 0 PUSH 32 PUSH 0 SHA3 SWAP2,5,45,42,3,false,true
602d544290106114e8,42602d54106114e8,TIMESTAMP PUSH 45 SLOAD LT PUSH 5352,5,214,211,3,false,true
60089050,506008,POP PUSH 8,2,8,5,3,true,true
604059905901600090,59600081604001,MSIZE PUSH 0 DUP2 PUSH 64 ADD,5,19,14,5,false,true
6067600480505060ea,606760ea,PUSH 103 PUSH 234,2,16,6,10,true,true
60a060408083018290,60a0604060a060408401,PUSH 160 PUSH 64 PUSH 160 PUSH 64 DUP5 ADD,6,21,18,3,false,true
60ff80841660009081,60ff60008185166000,PUSH 255 PUSH 0 DUP2 DUP6 AND PUSH 0,6,21,18,3,false,true
6101186004506101b6,6101186101b6,PUSH 280 PUSH 438,2,11,6,5,true,true
61011e600450610591,61011e610591,PUSH 286 PUSH 1425,2,11,6,5,true,true
6101d860045061026e,6101d861026e,PUSH 472 PUSH 622,2,11,6,5,true,true
600b9050,50600b,POP PUSH 11,2,8,5,3,true,true
61287e90829061322c,8161287e9161322c,DUP2 PUSH 10366 SWAP2 PUSH 12844,4,15,12,3,true,true
6359dc7e0042119050,506359dc7e004211,POP PUSH 1507622400 TIMESTAMP GT,4,13,10,3,true,true
63ffffffff611e6016,611e60,PUSH 7776,1,9,3,6,true,true
601c9050,50601c,POP PUSH 28,2,8,5,3,true,true
805460001015613b7f,805415613b7f,DUP1 SLOAD ISZERO PUSH 15231,4,215,209,6,false,true
80546113ce90610ff6,6113ce8154610ff6,PUSH 5070 DUP2 SLOAD PUSH 4086,4,212,209,3,false,true
806102098190555050,61020955,PUSH 521 SSTORE,2,20016,20003,13,false,true
60200150,50,POP,1,8,2,6,true,true
816002819055505050,50600255,POP PUSH 2 SSTORE,3,20018,20005,13,false,true
816005819055505050,50600555,POP PUSH 5 SSTORE,3,20018,20005,13,false,true
816007819055505050,50600755,POP PUSH 7 SSTORE,3,20018,20005,13,false,true
816008819055505050,50600855,POP PUSH 8 SSTORE,3,20018,20005,13,false,true
81600a819055505050,50600a55,POP PUSH 10 SSTORE,3,20018,20005,13,false,true
818160000181905550,818155,DUP2 DUP2 SSTORE,3,20020,20006,14,false,true
60208190,806020,DUP1 PUSH 32,2,9,6,3,true,true
818301905092915050,500190,POP ADD SWAP1,3,24,8,16,true,true
60208390,826020,DUP3 PUSH 32,2,9,6,3,true,true
60208490,836020,DUP4 PUSH 32,2,9,6,3,true,true
60329050,506032,POP PUSH 50,2,8,5,3,true,true
906002908290803883,8060029192803883,DUP1 PUSH 2 SWAP2 SWAP3 DUP1 CODESIZE DUP4,7,23,20,3,false,true
33600160005060008381,3360016000836000,CALLER PUSH 1 PUSH 0 DUP4 PUSH 0,5,19,14,5,true,true
3460028190555061090a,3460025561090a,CALLVALUE PUSH 2 SSTORE PUSH 2314,4,20016,20008,8,false,true
506002808111156113b3,50600260016113b3,POP PUSH 2 PUSH 1 PUSH 5043,4,20,11,9,true,true
50600380811115611d41,5060036001611d41,POP PUSH 3 PUSH 1 PUSH 7489,4,20,11,9,true,true
50600480811115611978,5060046001611978,POP PUSH 4 PUSH 1 PUSH 6520,4,20,11,9,true,true
506006808111156114bc,50600660016114bc,POP PUSH 6 PUSH 1 PUSH 5308,4,20,11,9,true,true
50600980811115610e6b,5060096001610e6b,POP PUSH 9 PUSH 1 PUSH 3691,4,20,11,9,true,true
50602159905901600090,600060215992508201,PUSH 0 PUSH 33 MSIZE SWAP3 POP DUP3 ADD,7,21,19,2,false,true
60649050,506064,POP PUSH 100,2,8,5,3,true,true
600015156118be611a92,60006118be611a92,PUSH 0 PUSH 6334 PUSH 6802,3,15,9,6,false,true
600033611bc381611a57,600033611bc333611a57,PUSH 0 CALLER PUSH 7107 CALLER PUSH 6743,5,14,13,1,false,true
60006000841080612377,60008080612377,PUSH 0 DUP1 DUP1 PUSH 9079,4,18,12,6,true,true
6000600102915061360d,61360d60009250,PUSH 13837 PUSH 0 SWAP3 POP,4,19,11,8,false,true
60006001600381116000,6000600160006000,PUSH 0 PUSH 1 PUSH 0 PUSH 0,4,18,12,6,true,true
60006002600381116000,6000600260006000,PUSH 0 PUSH 2 PUSH 0 PUSH 0,4,18,12,6,true,true
600060028111156110ba,600060016110ba,PUSH 0 PUSH 1 PUSH 4282,3,18,9,9,false,true
600060038111156128e3,600060016128e3,PUSH 0 PUSH 1 PUSH 10467,3,18,9,9,false,true
60006004805490509050,600454,PUSH 4 SLOAD,2,219,203,16,false,true
60006004811115610f98,60006001610f98,PUSH 0 PUSH 1 PUSH 3992,3,18,9,9,false,true
600060058111156114a6,600060016114a6,PUSH 0 PUSH 1 PUSH 5286,3,18,9,9,false,true
60006006805490509050,600654,PUSH 6 SLOAD,2,219,203,16,false,true
60006006811115611260,60006001611260,PUSH 0 PUSH 1 PUSH 4704,3,18,9,9,true,true
60006008805490509050,600854,PUSH 8 SLOAD,2,219,203,16,false,true
60006009600501549050,600e54,PUSH 14 SLOAD,2,217,203,14,false,true
60006009600601549050,600f54,PUSH 15 SLOAD,2,217,203,14,false,true
60006009811115610b8b,60006001610b8b,PUSH 0 PUSH 1 PUSH 2955,3,18,9,9,true,true
6000600a805490509050,600a54,PUSH 10 SLOAD,2,219,203,16,false,true
60006103099050919050,5061030990,POP PUSH 777 SWAP1,3,19,8,11,true,true
60006298968a54905090,6298968a5490,PUSH 10000010 SLOAD SWAP1,3,214,206,8,false,true
60006304618560905090,630461856090,PUSH 73500000 SWAP1,2,14,6,8,true,true
60008001600201549050,50600254,POP PUSH 2 SLOAD,3,220,205,15,false,true
60008033905082610f29,60003382610f29,PUSH 0 CALLER DUP3 PUSH 3881,4,19,11,8,true,true
60008034141515610249,60003415610249,PUSH 0 CALLVALUE ISZERO PUSH 585,4,20,11,9,true,true
60008060008060009250,6000600060006000,PUSH 0 PUSH 0 PUSH 0 PUSH 0,4,20,12,8,true,true
60008080549050905090,60005490,PUSH 0 SLOAD SWAP1,3,222,206,16,false,true
60008082101515610629,60006000610629,PUSH 0 PUSH 0 PUSH 1577,3,21,9,12,true,true
60008082511115613124,600061312482511590,PUSH 0 PUSH 12580 DUP3 MLOAD ISZERO SWAP1,6,20,17,3,false,true
60008110158015610539,60016000610539,PUSH 1 PUSH 0 PUSH 1337,3,21,9,12,true,true
60008210151515610e3b,6001610e3b,PUSH 1 PUSH 3643,2,21,6,15,true,true
600082101580156109c2,600160006109c2,PUSH 1 PUSH 0 PUSH 2498,3,21,9,12,true,true
60008284031015611af3,6001611af3,PUSH 1 PUSH 6899,2,21,6,15,true,true
600083101515156108fd,60016108fd,PUSH 1 PUSH 2301,2,21,6,15,true,true
60011515611644611a92,6001611644611a92,PUSH 1 PUSH 5700 PUSH 6802,3,15,9,6,false,true
6001341015151561023d,61023d34151590,PUSH 573 CALLVALUE ISZERO ISZERO SWAP1,5,20,14,6,false,true
60015462ed4e00904203,62ed4e006001544203,PUSH 15552000 PUSH 1 SLOAD TIMESTAMP SUB,5,214,211,3,false,true
60016002811115610de3,60016001610de3,PUSH 1 PUSH 1 PUSH 3555,3,18,9,9,true,true
60016003811115610992,60016001610992,PUSH 1 PUSH 1 PUSH 2450,3,18,9,9,false,true
60016005811115610216,60016001610216,PUSH 1 PUSH 1 PUSH 534,3,18,9,9,true,true
80600390,600381,PUSH 3 DUP2,2,9,6,3,true,true
80600490,600481,PUSH 4 DUP2,2,9,6,3,true,true
60026003811115610811,60026001610811,PUSH 2 PUSH 1 PUSH 2065,3,18,9,9,true,true
600260058111156102bb,600260016102bb,PUSH 2 PUSH 1 PUSH 699,3,18,9,9,true,true
60026006811115610c82,60026001610c82,PUSH 2 PUSH 1 PUSH 3202,3,18,9,9,false,true
6002600981111561016c,6002600161016c,PUSH 2 PUSH 1 PUSH 364,3,18,9,9,true,true
80600690,600681,PUSH 6 DUP2,2,9,6,3,true,true
80600790,600781,PUSH 7 DUP2,2,9,6,3,true,true
6003600381111561078d,6003600161078d,PUSH 3 PUSH 1 PUSH 1933,3,18,9,9,true,true
60036004811115611531,60036001611531,PUSH 3 PUSH 1 PUSH 5425,3,18,9,9,true,true
60036005811115610f13,60036001610f13,PUSH 3 PUSH 1 PUSH 3859,3,18,9,9,false,true
60036006811115610cd1,60036001610cd1,PUSH 3 PUSH 1 PUSH 3281,3,18,9,9,false,true
80600890,600881,PUSH 8 DUP2,2,9,6,3,true,true
60040180826000191681,600401808282,PUSH 4 ADD DUP1 DUP3 DUP3,5,24,15,9,false,true
60046005811115610ff2,60046001610ff2,PUSH 4 PUSH 1 PUSH 4082,3,18,9,9,false,true
60046006811115610d20,60046001610d20,PUSH 4 PUSH 1 PUSH 3360,3,18,9,9,false,true
60046009811115611aaf,60046001611aaf,PUSH 4 PUSH 1 PUSH 6831,3,18,9,9,false,true
80600c90,600c81,PUSH 12 DUP2,2,9,6,3,true,true
60056006811115611155,60056001611155,PUSH 5 PUSH 1 PUSH 4437,3,18,9,9,false,true
60056009811115611b07,60056001611b07,PUSH 5 PUSH 1 PUSH 6919,3,18,9,9,false,true
60066009811115611b5f,60066001611b5f,PUSH 6 PUSH 1 PUSH 7007,3,18,9,9,true,true
80605190,605181,PUSH 81 DUP2,2,9,6,3,true,true
600860098111156112f9,600860016112f9,PUSH 8 PUSH 1 PUSH 4857,3,18,9,9,false,true
60088190555060019050,60086001925055,PUSH 8 PUSH 1 SWAP3 POP SSTORE,5,20019,20011,8,false,true
90505090,505090,POP POP SWAP1,3,10,7,3,true,true
91505050,505050,POP POP POP,3,9,6,3,true,true
60fa6004805050610757,60fa610757,PUSH 250 PUSH 1879,2,16,6,10,true,true
61010760005081905550,61010755,PUSH 263 SSTORE,2,20016,20003,13,false,true
61010960005060008481,6101096000846000,PUSH 265 PUSH 0 DUP5 PUSH 0,4,17,12,5,true,true
0181905550,0155,ADD SSTORE,2,20011,20003,8,false,true
611c0982600102614b08,611c0982614b08,PUSH 7177 DUP3 PUSH 19208,3,17,9,8,true,true
61ffff90911660009081,9061ffff6000911681,SWAP1 PUSH 65535 PUSH 0 SWAP2 AND DUP2,6,21,18,3,false,true
662386f26fc100009050,50662386f26fc10000,POP PUSH 10000000000000000,2,8,5,3,true,true
80600063ffffffff1681,80600081,DUP1 PUSH 0 DUP2,3,15,9,6,true,true
60008033915060009050,336000,CALLER PUSH 0,2,21,5,16,true,true
60766004805050610277,6076610277,PUSH 118 PUSH 631,2,16,6,10,true,true
81600160005060008581,81600160008581,DUP2 PUSH 1 PUSH 0 DUP6 DUP2,5,20,15,5,true,true
3060009081,6000306000,PUSH 0 ADDRESS PUSH 0,3,11,8,3,true,true
3360008181,336000336000,CALLER PUSH 0 CALLER PUSH 0,4,11,10,1,true,true
3360009081,6000336000,PUSH 0 CALLER PUSH 0,3,11,8,3,true,true
3460009081,6000346000,PUSH 0 CALLVALUE PUSH 0,3,11,8,3,true,true
34801560fe,34341560fe,CALLVALUE CALLVALUE ISZERO PUSH 254,4,11,10,1,true,true
3460018302141515612dfe,813414612dfe,DUP2 CALLVALUE EQ PUSH 11774,4,25,11,14,false,true
5060008114,508015,POP DUP1 ISZERO,3,11,8,3,true,true
5060008210,506000,POP PUSH 0,2,11,5,6,true,true
5060008214,508115,POP DUP2 ISZERO,3,11,8,3,true,true
5060008310,506000,POP PUSH 0,2,11,5,6,true,true
5060006002811115610f24,5060006001610f24,POP PUSH 0 PUSH 1 PUSH 3876,4,20,11,9,true,true
5060006003811115612abc,5060006001612abc,POP PUSH 0 PUSH 1 PUSH 10940,4,20,11,9,true,true
50600060068111156101d2,50600060016101d2,POP PUSH 0 PUSH 1 PUSH 466,4,20,11,9,true,true
50600360038111156107c0,60016107c060039250,PUSH 1 PUSH 1984 PUSH 3 SWAP3 POP,5,20,14,6,false,true
60003381610eb9826118c0,6000336000610eb9336118c0,PUSH 0 CALLER PUSH 0 PUSH 3769 CALLER PUSH 6336,6,17,16,1,false,true
600060001983011061333d,600061333d,PUSH 0 PUSH 13117,2,21,6,15,true,true
6000600160005060008381,60006001818383,PUSH 0 PUSH 1 DUP2 DUP4 DUP4,5,20,15,5,true,true
6000600180549050905090,60015490,PUSH 1 SLOAD SWAP1,3,222,206,16,false,true
6000600360005060008381,60006003818383,PUSH 0 PUSH 3 DUP2 DUP4 DUP4,5,20,15,5,false,true
6000600380811115610c87,600060036001610c87,PUSH 0 PUSH 3 PUSH 1 PUSH 3207,4,21,12,9,false,true
5060009050,50506000,POP POP PUSH 0,3,10,7,3,true,true
6000600480549050905090,60045490,PUSH 4 SLOAD SWAP1,3,222,206,16,false,true
6000600880549050905090,60085490,PUSH 8 SLOAD SWAP1,3,222,206,16,false,true
6000600a80549050905090,600a5490,PUSH 10 SLOAD SWAP1,3,222,206,16,false,true
6000600c80549050905090,600c5490,PUSH 12 SLOAD SWAP1,3,222,206,16,false,true
6000601080549050905090,60105490,PUSH 16 SLOAD SWAP1,3,222,206,16,false,true
6000601c80549050905090,601c5490,PUSH 28 SLOAD SWAP1,3,222,206,16,false,true
6000602180549050905090,60215490,PUSH 33 SLOAD SWAP1,3,222,206,16,false,true
6000604080519081016040,6000604051604081016040,PUSH 0 PUSH 64 MLOAD PUSH 64 DUP2 ADD PUSH 64,7,23,20,3,false,true
60006305f5e10854905090,6305f5e1085490,PUSH 100000008 SLOAD SWAP1,3,214,206,8,false,true
6000801515611047611a92,60006000611047611a92,PUSH 0 PUSH 0 PUSH 4167 PUSH 6802,4,18,12,6,false,true
6000804243915091509091,434291,NUMBER TIMESTAMP SWAP2,3,26,7,19,true,true
6000806000341115611348,6000803415611348,PUSH 0 DUP1 CALLVALUE ISZERO PUSH 4936,5,20,14,6,false,true
6000806000806000809450,600080600060006000,PUSH 0 DUP1 PUSH 0 PUSH 0 PUSH 0,5,23,15,8,true,true
6000806001811115610b81,600060006001610b81,PUSH 0 PUSH 0 PUSH 1 PUSH 2945,4,21,12,9,false,true
60008060028111156108d2,6000600060016108d2,PUSH 0 PUSH 0 PUSH 1 PUSH 2258,4,21,12,9,false,true
6000806003811115610f44,600060006001610f44,PUSH 0 PUSH 0 PUSH 1 PUSH 3908,4,21,12,9,false,true
60008060058111156114f6,6000600060016114f6,PUSH 0 PUSH 0 PUSH 1 PUSH 5366,4,21,12,9,false,true
60008060098111156115bd,6000600060016115bd,PUSH 0 PUSH 0 PUSH 1 PUSH 5565,4,21,12,9,false,true
600080821015151561082b,6000600161082b,PUSH 0 PUSH 1 PUSH 2091,3,24,9,15,true,true
6000808251915060009050,80516000,DUP1 MLOAD PUSH 0,3,24,8,16,true,true
60008260ff161115610fff,8160ff1615610fff,DUP2 PUSH 255 AND ISZERO PUSH 4095,5,21,15,6,false,true
600082820182111561284d,6000811983111561284d,PUSH 0 DUP2 NOT DUP4 GT ISZERO PUSH 10317,7,24,21,3,false,true
60011515612576336124fe,6001612576336124fe,PUSH 1 PUSH 9590 CALLER PUSH 9470,4,17,11,6,true,true
600180600281111561079e,6001808161079e,PUSH 1 DUP1 DUP2 PUSH 1950,4,21,12,9,false,true
60018060038111156110bc,6001600160016110bc,PUSH 1 PUSH 1 PUSH 1 PUSH 4284,4,21,12,9,false,true
60018060058111156123d4,6001600160016123d4,PUSH 1 PUSH 1 PUSH 1 PUSH 9172,4,21,12,9,false,true
6001806009811115611708,600160016001611708,PUSH 1 PUSH 1 PUSH 1 PUSH 5896,4,21,12,9,false,true
6002806003811115610287,600260026001610287,PUSH 2 PUSH 2 PUSH 1 PUSH 647,4,21,12,9,false,true
6002806005811115610d4f,6002806001610d4f,PUSH 2 DUP1 PUSH 1 PUSH 3407,4,21,12,9,false,true
6003806005811115611b15,6003806001611b15,PUSH 3 DUP1 PUSH 1 PUSH 6933,4,21,12,9,false,true
5081905550,5055,POP SSTORE,2,20010,20002,8,false,true
5082600014,508215,POP DUP3 ISZERO,3,11,8,3,true,true
600c805490509050610a81,50610a81600c5490,POP PUSH 2689 PUSH 12 SLOAD SWAP1,5,219,211,8,false,true
6000191681,81,DUP2,1,12,3,9,true,true
6000309050,30,ADDRESS,1,10,2,8,true,true
6000429050,42,TIMESTAMP,1,10,2,8,true,true
6040805160ff9290921682,604051809160ff16604091,PUSH 64 MLOAD DUP1 SWAP2 PUSH 255 AND PUSH 64 SWAP2,8,26,23,3,false,true
6000439050,43,NUMBER,1,10,2,8,true,true
6040805190810160409081,6040516040604082016040,PUSH 64 MLOAD PUSH 64 PUSH 64 DUP3 ADD PUSH 64,7,26,20,6,false,true
6060604080519081016040,6060604051806040016040,PUSH 96 PUSH 64 MLOAD DUP1 PUSH 64 ADD PUSH 64,7,23,20,3,false,true
6060606059905901600090,606059600081606001,PUSH 96 MSIZE PUSH 0 DUP2 PUSH 96 ADD,6,22,17,5,false,true
6000809050,6000,PUSH 0,1,11,3,8,true,true
6000839055,82600055,DUP3 PUSH 0 SSTORE,3,20009,20006,3,false,true
6000919091,906000,SWAP1 PUSH 0,2,12,6,6,true,true
61027a60048050506108bb,61027a6108bb,PUSH 634 PUSH 2235,2,16,6,10,true,true
6103b26004805050610b24,6103b2610b24,PUSH 946 PUSH 2852,2,16,6,10,true,true
6105c051341215156106d7,346105c051136106d7,CALLVALUE PUSH 1472 MLOAD SGT PUSH 1751,5,19,13,6,false,true
6001549050,50600154,POP PUSH 1 SLOAD,3,208,205,3,false,true
6001905090,50600190,POP PUSH 1 SWAP1,3,11,8,3,true,true
6001938490,6001600194,PUSH 1 PUSH 1 SWAP5,3,12,9,3,true,true
61ffff9190911660009081,61ffff60009192166000,PUSH 65535 PUSH 0 SWAP2 SWAP3 AND PUSH 0,6,24,18,6,false,true
67011c37937e0800009050,5067011c37937e080000,POP PUSH 80000000000000000,2,8,5,3,true,true
6004549050,50600454,POP PUSH 4 SLOAD,3,208,205,3,false,true
806001019050805061189a,60010161189a,PUSH 1 ADD PUSH 6298,3,22,9,13,true,true
8060078160001916905550,80600755,DUP1 PUSH 7 SSTORE,3,20023,20006,17,false,true
6005549050,50600554,POP PUSH 5 SLOAD,3,208,205,3,false,true
6000806115419190611c8f,61154160006000611c8f,PUSH 5441 PUSH 0 PUSH 0 PUSH 7311,4,18,12,6,false,true
6001810260148190555050,601455,PUSH 20 SSTORE,2,20024,20003,21,false,true
6005819055,80600555,DUP1 PUSH 5 SSTORE,3,20009,20006,3,false,true
6005918290,60058092,PUSH 5 DUP1 SWAP3,3,12,9,3,true,true
6006839055,82600655,DUP3 PUSH 6 SSTORE,3,20009,20006,3,false,true
6007819055,80600755,DUP1 PUSH 7 SSTORE,3,20009,20006,3,false,true
8160011515600860008381,81600160086000836000,DUP2 PUSH 1 PUSH 8 PUSH 0 DUP4 PUSH 0,6,24,18,6,false,true
8161010560005081905550,8161010555,DUP2 PUSH 261 SSTORE,3,20019,20006,13,false,true
6008819055,80600855,DUP1 PUSH 8 SSTORE,3,20009,20006,3,false,true
6009819055,80600955,DUP1 PUSH 9 SSTORE,3,20009,20006,3,false,true
600a819055,80600a55,DUP1 PUSH 10 SSTORE,3,20009,20006,3,false,true
600b829055,81600b55,DUP2 PUSH 11 SSTORE,3,20009,20006,3,false,true
600b918290,600b8092,PUSH 11 DUP1 SWAP3,3,12,9,3,true,true
6012819055,80601255,DUP1 PUSH 18 SSTORE,3,20009,20006,3,false,true
34600080806103df84610735,3460008060006103df34610735,CALLVALUE PUSH 0 DUP1 PUSH 0 PUSH 991 CALLVALUE PUSH 1845,7,20,19,1,false,true
34633b9aca008110156102c4,3434633b9aca0011156102c4,CALLVALUE CALLVALUE PUSH 1000000000 GT ISZERO PUSH 708,6,17,16,1,false,true
6020919091,906020,SWAP1 PUSH 32,2,12,6,6,true,true
6020939093,926020,SWAP3 PUSH 32,2,12,6,6,true,true
5063ffffffff811660009081,5060008163ffffffff166000,POP PUSH 0 DUP2 PUSH 4294967295 AND PUSH 0,6,20,17,3,false,true
6000339050612f728161288c,33612f723361288c,CALLER PUSH 12146 CALLER PUSH 10380,4,19,10,9,true,true
600060006002600381116000,600060006002600083,PUSH 0 PUSH 0 PUSH 2 PUSH 0 DUP4,5,21,15,6,true,true
600060006003600381116000,6000806003600080,PUSH 0 DUP1 PUSH 3 PUSH 0 DUP1,5,21,15,6,false,true
600060011515600860008481,600060016008828481,PUSH 0 PUSH 1 PUSH 8 DUP3 DUP5 DUP2,6,24,18,6,false,true
600060011515610fad611ecd,60006001610fad611ecd,PUSH 0 PUSH 1 PUSH 4013 PUSH 7885,4,18,12,6,false,true
600060016004811115610b62,600060016001610b62,PUSH 0 PUSH 1 PUSH 1 PUSH 2914,4,21,12,9,false,true
600060026003811115610f88,600060026001610f88,PUSH 0 PUSH 2 PUSH 1 PUSH 3976,4,21,12,9,false,true
600060045403600481905550,,,0,5220,0,5220,true,true
600060046005811115610fb9,600060046001610fb9,PUSH 0 PUSH 4 PUSH 1 PUSH 4025,4,21,12,9,false,true
600060056000600260ff1681,60006005600060026000,PUSH 0 PUSH 5 PUSH 0 PUSH 2 PUSH 0,5,21,15,6,false,true
600060056006811115611539,600060056001611539,PUSH 0 PUSH 5 PUSH 1 PUSH 5433,4,21,12,9,false,true
6080909101,90608001,SWAP1 PUSH 128 ADD,3,12,9,3,true,true
600061010960005060008581,6000610109818583,PUSH 0 PUSH 265 DUP2 DUP6 DUP4,5,20,15,5,true,true
600061020180549050905090,6102015490,PUSH 513 SLOAD SWAP1,3,222,206,16,false,true
600080600080915060009050,600060006000,PUSH 0 PUSH 0 PUSH 0,3,25,9,16,true,true
600080600080915060019050,600060006001,PUSH 0 PUSH 0 PUSH 1,3,25,9,16,true,true
600081600281101515610c75,60008160028310610c75,PUSH 0 DUP2 PUSH 2 DUP4 LT PUSH 3189,6,24,18,6,false,true
600081600981905550919050,600060099291909255,PUSH 0 PUSH 9 SWAP3 SWAP2 SWAP1 SWAP3 SSTORE,7,20025,20018,7,false,true
600081600a81905550919050,6000600a9291909255,PUSH 0 PUSH 10 SWAP3 SWAP2 SWAP1 SWAP3 SSTORE,7,20025,20018,7,false,true
60008160ff16101515611f3c,6000611f3c,PUSH 0 PUSH 7996,2,24,6,18,true,true
6000818161468891906146f6,60006146888260006146f6,PUSH 0 PUSH 18056 DUP3 PUSH 0 PUSH 18166,5,21,15,6,true,true
600081905550612153612392,600055612153612392,PUSH 0 SSTORE PUSH 8531 PUSH 9106,4,20017,20009,8,false,true
6001600061159b9190611c8f,61159b60016000611c8f,PUSH 5531 PUSH 1 PUSH 0 PUSH 7311,4,18,12,6,false,true
600181905560018190555050,60015550,PUSH 1 SSTORE POP,3,10022,5005,5017,false,true
600260006115f59190611c8f,6115f560026000611c8f,PUSH 5621 PUSH 2 PUSH 0 PUSH 7311,4,18,12,6,false,true
6003600061164f9190611c8f,61164f60036000611c8f,PUSH 5711 PUSH 3 PUSH 0 PUSH 7311,4,18,12,6,false,true
600460006116a99190611c8f,6116a960046000611c8f,PUSH 5801 PUSH 4 PUSH 0 PUSH 7311,4,18,12,6,false,true
600560006117039190611c8f,61170360056000611c8f,PUSH 5891 PUSH 5 PUSH 0 PUSH 7311,4,18,12,6,false,true
6006600061175d9190611c8f,61175d60066000611c8f,PUSH 5981 PUSH 6 PUSH 0 PUSH 7311,4,18,12,6,false,true
600760006117b79190611c8f,6117b760076000611c8f,PUSH 6071 PUSH 7 PUSH 0 PUSH 7311,4,18,12,6,false,true
600860006118119190611c8f,61181160086000611c8f,PUSH 6161 PUSH 8 PUSH 0 PUSH 7311,4,18,12,6,false,true
6009600061186b9190611c8f,61186b60096000611c8f,PUSH 6251 PUSH 9 PUSH 0 PUSH 7311,4,18,12,6,false,true
600a60006118c59190611c8f,6118c5600a6000611c8f,PUSH 6341 PUSH 10 PUSH 0 PUSH 7311,4,18,12,6,false,true
600b600061191f9190611c8f,61191f600b6000611c8f,PUSH 6431 PUSH 11 PUSH 0 PUSH 7311,4,18,12,6,false,true
600c60006119799190611c8f,611979600c6000611c8f,PUSH 6521 PUSH 12 PUSH 0 PUSH 7311,4,18,12,6,false,true
600d60006129e19190613098,6129e1600d6000613098,PUSH 10721 PUSH 13 PUSH 0 PUSH 12440,4,18,12,6,false,true
600e6000611a2d9190611c8f,611a2d600e6000611c8f,PUSH 6701 PUSH 14 PUSH 0 PUSH 7311,4,18,12,6,false,true
600f6000611a879190611c8f,611a87600f6000611c8f,PUSH 6791 PUSH 15 PUSH 0 PUSH 7311,4,18,12,6,false,true
60106000611ae19190611c8f,611ae160106000611c8f,PUSH 6881 PUSH 16 PUSH 0 PUSH 7311,4,18,12,6,false,true
60116000611b3b9190611c8f,611b3b60116000611c8f,PUSH 6971 PUSH 17 PUSH 0 PUSH 7311,4,18,12,6,false,true
601260ff16600a0a60000281,600081,PUSH 0 DUP2,2,33,6,27,true,true
60136000611bef9190611c8f,611bef60136000611c8f,PUSH 7151 PUSH 19 PUSH 0 PUSH 7311,4,18,12,6,false,true
8051925050,519150,MLOAD SWAP2 POP,3,12,7,5,true,true
8083018290,81838201,DUP2 DUP4 DUP3 ADD,4,15,12,3,true,true
606060405190810160409081,6040516040606082016040,PUSH 64 MLOAD PUSH 64 PUSH 96 DUP3 ADD PUSH 64,7,26,20,6,false,true
60a060405190810160409081,604051604060a082016040,PUSH 64 MLOAD PUSH 64 PUSH 160 DUP3 ADD PUSH 64,7,26,20,6,false,true
610249604080518082019091,610249604051806040016040,PUSH 585 PUSH 64 MLOAD DUP1 PUSH 64 ADD PUSH 64,7,26,20,6,false,true
61062d600435600060208190,61062d600435600060006020,PUSH 1581 PUSH 4 CALLDATALOAD PUSH 0 PUSH 0 PUSH 32,6,21,18,3,false,true
61036b604080518082019091,61036b604051806040016040,PUSH 875 PUSH 64 MLOAD DUP1 PUSH 64 ADD PUSH 64,7,26,20,6,false,true
61059f600435600060208190,61059f600435600060006020,PUSH 1439 PUSH 4 CALLDATALOAD PUSH 0 PUSH 0 PUSH 32,6,21,18,3,false,true
61080e604080519081016040,61080e604051806040016040,PUSH 2062 PUSH 64 MLOAD DUP1 PUSH 64 ADD PUSH 64,7,23,20,3,false,true
8084018390,82848201,DUP3 DUP5 DUP3 ADD,4,15,12,3,false,true
8084019350,92830192,SWAP3 DUP4 ADD SWAP3,4,14,12,2,false,true
61184590919063ffffffff16,9061184563ffffffff16,SWAP1 PUSH 6213 PUSH 4294967295 AND,4,18,12,6,false,true
611169604080519081016040,611169604051806040016040,PUSH 4457 PUSH 64 MLOAD DUP1 PUSH 64 ADD PUSH 64,7,23,20,3,false,true
610dd190919063ffffffff16,90610dd163ffffffff16,SWAP1 PUSH 3537 PUSH 4294967295 AND,4,18,12,6,false,true
610e61604080519081016040,610e61604051806040016040,PUSH 3681 PUSH 64 MLOAD DUP1 PUSH 64 ADD PUSH 64,7,23,20,3,false,true
8092915050,905090,SWAP1 POP SWAP1,3,13,8,5,true,true
61109890919063ffffffff16,9061109863ffffffff16,SWAP1 PUSH 4248 PUSH 4294967295 AND,4,18,12,6,false,true
6111e290919063ffffffff16,906111e263ffffffff16,SWAP1 PUSH 4578 PUSH 4294967295 AND,4,18,12,6,false,true
6112dc604080519081016040,6112dc604051806040016040,PUSH 4828 PUSH 64 MLOAD DUP1 PUSH 64 ADD PUSH 64,7,23,20,3,false,true
6116b890919063ffffffff16,906116b863ffffffff16,SWAP1 PUSH 5816 PUSH 4294967295 AND,4,18,12,6,false,true
6116f790919063ffffffff16,906116f763ffffffff16,SWAP1 PUSH 5879 PUSH 4294967295 AND,4,18,12,6,false,true
61183090919063ffffffff16,9061183063ffffffff16,SWAP1 PUSH 6192 PUSH 4294967295 AND,4,18,12,6,false,true
611a1190919063ffffffff16,90611a1163ffffffff16,SWAP1 PUSH 6673 PUSH 4294967295 AND,4,18,12,6,false,true
611b4590919063ffffffff16,90611b4563ffffffff16,SWAP1 PUSH 6981 PUSH 4294967295 AND,4,18,12,6,false,true
611fdb604080519081016040,611fdb604051806040016040,PUSH 8155 PUSH 64 MLOAD DUP1 PUSH 64 ADD PUSH 64,7,23,20,3,false,true
612ac590919063ffffffff16,90612ac563ffffffff16,SWAP1 PUSH 10949 PUSH 4294967295 AND,4,18,12,6,false,true
612d6e90919063ffffffff16,90612d6e63ffffffff16,SWAP1 PUSH 11630 PUSH 4294967295 AND,4,18,12,6,false,true
612dc090919063ffffffff16,90612dc063ffffffff16,SWAP1 PUSH 11712 PUSH 4294967295 AND,4,18,12,6,false,true
61321890919063ffffffff16,9061321863ffffffff16,SWAP1 PUSH 12824 PUSH 4294967295 AND,4,18,12,6,false,true
61359190919063ffffffff16,9061359163ffffffff16,SWAP1 PUSH 13713 PUSH 4294967295 AND,4,18,12,6,false,true
61362e90919063ffffffff16,9061362e63ffffffff16,SWAP1 PUSH 13870 PUSH 4294967295 AND,4,18,12,6,false,true
613cfe90919063ffffffff16,90613cfe63ffffffff16,SWAP1 PUSH 15614 PUSH 4294967295 AND,4,18,12,6,false,true
613eec604080519081016040,613eec604051806040016040,PUSH 16108 PUSH 64 MLOAD DUP1 PUSH 64 ADD PUSH 64,7,23,20,3,false,true
8183018490,83838301,DUP4 DUP4 DUP4 ADD,4,15,12,3,false,true
61417a90919063ffffffff16,9061417a63ffffffff16,SWAP1 PUSH 16762 PUSH 4294967295 AND,4,18,12,6,false,true
61457490919063ffffffff16,9061457463ffffffff16,SWAP1 PUSH 17780 PUSH 4294967295 AND,4,18,12,6,false,true
614a6490919063ffffffff16,90614a6463ffffffff16,SWAP1 PUSH 19044 PUSH 4294967295 AND,4,18,12,6,false,true
614fa390919063ffffffff16,90614fa363ffffffff16,SWAP1 PUSH 20387 PUSH 4294967295 AND,4,18,12,6,false,true
61528890919063ffffffff16,9061528863ffffffff16,SWAP1 PUSH 21128 PUSH 4294967295 AND,4,18,12,6,false,true
6359d37bc042101515610787,426359d37bc011610787,TIMESTAMP PUSH 1507032000 GT PUSH 1927,4,17,11,6,true,true
63ffffffff80841660009081,63ffffffff60008185166000,PUSH 4294967295 PUSH 0 DUP2 DUP6 AND PUSH 0,6,21,18,3,false,true
9050600081101580156145d4,9050600160006145d4,SWAP1 POP PUSH 1 PUSH 0 PUSH 17876,5,26,14,12,false,true
50600061010960005060008381,506000610109818383,POP PUSH 0 PUSH 265 DUP2 DUP4 DUP4,6,22,17,5,false,true
600034905080600014801560b6,348015801560b6,CALLVALUE DUP1 ISZERO DUP1 ISZERO PUSH 182,6,28,17,11,false,true
600060011515610eb7336124fe,60006001610eb7336124fe,PUSH 0 PUSH 1 PUSH 3767 CALLER PUSH 9470,5,20,14,6,false,true
6000600c816109cc9190610edc,60006109cc600c82610edc,PUSH 0 PUSH 2508 PUSH 12 DUP3 PUSH 3804,5,21,15,6,false,true
600063ffffffff8316106130ca,60006130ca,PUSH 0 PUSH 12490,2,18,6,12,true,true
60008033905061125081610f9b,60003361125033610f9b,PUSH 0 CALLER PUSH 4688 CALLER PUSH 3995,5,22,13,9,false,true
60008060000160010154905090,60015490,PUSH 1 SLOAD SWAP1,3,226,206,20,false,true
60008060000160040154905090,60045490,PUSH 4 SLOAD SWAP1,3,226,206,20,false,true
60008060000160050154905090,60055490,PUSH 5 SLOAD SWAP1,3,226,206,20,false,true
60008060000160060154905090,60065490,PUSH 6 SLOAD SWAP1,3,226,206,20,false,true
60008060006001915060649050,600060016064,PUSH 0 PUSH 1 PUSH 100,3,25,9,16,true,true
60008060008060008060009250,600080806000600084,PUSH 0 DUP1 DUP1 PUSH 0 PUSH 0 DUP5,6,26,18,8,false,true
60008060008060008060009350,600060008160008380,PUSH 0 PUSH 0 DUP2 PUSH 0 DUP4 DUP1,6,26,18,8,true,true
60008060008351915060009050,6000815181,PUSH 0 DUP2 MLOAD DUP2,4,27,11,16,true,true
6000806008544210151561015b,600080426008541161015b,PUSH 0 DUP1 TIMESTAMP PUSH 8 SLOAD GT PUSH 347,7,223,217,6,false,true
60008160ff1610158015611001,60016000611001,PUSH 1 PUSH 0 PUSH 4097,3,27,9,18,true,true
60008161044c81101515610432,60008161044c8310610432,PUSH 0 DUP2 PUSH 1100 DUP4 LT PUSH 1074,6,24,18,6,false,true
6000829050610eb68383610acb,81610eb68383610acb,DUP2 PUSH 3766 DUP4 DUP4 PUSH 2763,5,23,15,8,true,true
60008360ff1610158015611b7a,60016000611b7a,PUSH 1 PUSH 0 PUSH 7034,3,27,9,18,true,true
60026000600181101515610642,600260006001610642,PUSH 2 PUSH 0 PUSH 1 PUSH 1602,4,24,12,12,false,true
60036000600e81101515612607,600360006001612607,PUSH 3 PUSH 0 PUSH 1 PUSH 9735,4,24,12,12,false,true
9050809150,91505080,SWAP2 POP POP DUP1,4,13,10,3,true,true
9050809250,92505081,SWAP3 POP POP DUP2,4,13,10,3,true,true
60056000600b81101515611776,600560006001611776,PUSH 5 PUSH 0 PUSH 1 PUSH 6006,4,24,12,12,false,true
9082018190,80918301,DUP1 SWAP2 DUP4 ADD,4,15,12,3,true,true
9092509050,91509150,SWAP2 POP SWAP2 POP,4,13,10,3,false,true
600e6000600781101515611694,600e60006001611694,PUSH 14 PUSH 0 PUSH 1 PUSH 5780,4,24,12,12,false,true
9190911682,90911682,SWAP1 SWAP2 AND DUP3,4,15,12,3,false,true
9190911690,82169150,DUP3 AND SWAP2 POP,4,15,11,4,false,true
601f6003600c8110151561468b,601f6003600161468b,PUSH 31 PUSH 3 PUSH 1 PUSH 18059,4,24,12,12,false,true
601f6008600c811015156151a1,601f600860016151a1,PUSH 31 PUSH 8 PUSH 1 PUSH 20897,4,24,12,12,false,true
601f600a600c81101515612c10,601f600a6001612c10,PUSH 31 PUSH 10 PUSH 1 PUSH 11280,4,24,12,12,false,true
60266000600581101515611ab4,602660006001611ab4,PUSH 38 PUSH 0 PUSH 1 PUSH 6836,4,24,12,12,false,true
602b6001600d81101515614d9e,602b60016001614d9e,PUSH 43 PUSH 1 PUSH 1 PUSH 19870,4,24,12,12,false,true
602b6002600d81101515614d6d,602b60026001614d6d,PUSH 43 PUSH 2 PUSH 1 PUSH 19821,4,24,12,12,false,true
61010060405190810160409081,604051604061010082016040,PUSH 64 MLOAD PUSH 64 PUSH 256 DUP3 ADD PUSH 64,7,26,20,6,false,true
61010460006125ce9190612743,6125ce6101046000612743,PUSH 9678 PUSH 260 PUSH 0 PUSH 10051,4,18,12,6,false,true
61024060405190810160409081,604051604061024082016040,PUSH 64 MLOAD PUSH 64 PUSH 576 DUP3 ADD PUSH 64,7,26,20,6,false,true
61044060405190810160409081,604051604061044082016040,PUSH 64 MLOAD PUSH 64 PUSH 1088 DUP3 ADD PUSH 64,7,26,20,6,false,true
14151561290a,1461290a,EQ PUSH 10506,2,12,6,6,true,true
151515611382,15611382,ISZERO PUSH 4994,2,12,6,6,true,true
806000600160a060020a031681,80600081,DUP1 PUSH 0 DUP2,3,34,9,25,true,true
3480156103fa,3434156103fa,CALLVALUE CALLVALUE ISZERO PUSH 1018,4,11,10,1,true,true
503060008181,50306000306000,POP ADDRESS PUSH 0 ADDRESS PUSH 0,5,13,12,1,true,true
503360008181,50336000336000,POP CALLER PUSH 0 CALLER PUSH 0,5,13,12,1,true,true
503360009081,506000336000,POP PUSH 0 CALLER PUSH 0,4,13,10,3,true,true
346544364c5bb000811015611ff0,34346544364c5bb0001115611ff0,CALLVALUE CALLVALUE PUSH 75000000000000 GT ISZERO PUSH 8176,6,17,16,1,false,true
4260006000508190555060009050,42600055506000,TIMESTAMP PUSH 0 SSTORE POP PUSH 0,5,20026,20010,16,false,true
6000600050600060036000505481,600060006003546000,PUSH 0 PUSH 0 PUSH 3 SLOAD PUSH 0,5,222,212,10,false,true
6000600060206040519081016040,60006000604051602081016040,PUSH 0 PUSH 0 PUSH 64 MLOAD PUSH 32 DUP2 ADD PUSH 64,8,26,23,3,false,true
506000821015,506001,POP PUSH 1,2,14,5,9,true,true
6000670de0b6b3a7640000905090,670de0b6b3a764000090,PUSH 1000000000000000000 SWAP1,2,14,6,8,true,true
6000806000600680811115610b0c,60006000600060066001610b0c,PUSH 0 PUSH 0 PUSH 0 PUSH 6 PUSH 1 PUSH 2828,6,27,18,9,false,true
6000806000806000935060009250,6000600060006000,PUSH 0 PUSH 0 PUSH 0 PUSH 0,4,28,12,16,true,true
6000806000806001925060009150,60006001600080,PUSH 0 PUSH 1 PUSH 0 DUP1,4,28,12,16,true,true
6000806000808451925060009050,60008151816000,PUSH 0 DUP2 MLOAD DUP2 PUSH 0,5,30,14,16,false,true
600080607f8311600181146109b3,6001156000607f8311806109b3,PUSH 1 ISZERO PUSH 0 PUSH 127 DUP4 GT DUP1 PUSH 2483,8,27,24,3,false,true
6000806101606040519081016040,6000600060405161016081016040,PUSH 0 PUSH 0 PUSH 64 MLOAD PUSH 352 DUP2 ADD PUSH 64,8,26,23,3,false,true
6005600082600019166000191681,60056000826000,PUSH 5 PUSH 0 DUP3 PUSH 0,4,30,12,18,false,true
6006600083600019166000191681,60066000836000,PUSH 6 PUSH 0 DUP4 PUSH 0,4,30,12,18,true,true
6007600083600019166000191681,60076000836000,PUSH 7 PUSH 0 DUP4 PUSH 0,4,30,12,18,true,true
6008600083600019166000191681,60086000836000,PUSH 8 PUSH 0 DUP4 PUSH 0,4,30,12,18,true,true
6008600084600019166000191681,600860008481,PUSH 8 PUSH 0 DUP5 DUP2,4,30,12,18,true,true
6009600083600019166000191681,60096000836000,PUSH 9 PUSH 0 DUP4 PUSH 0,4,30,12,18,true,true
6009600084600019166000191681,600960008481,PUSH 9 PUSH 0 DUP5 DUP2,4,30,12,18,true,true
600b600083600019166000191681,600b6000836000,PUSH 11 PUSH 0 DUP4 PUSH 0,4,30,12,18,true,true
6040518082600019166000191681,604051808282,PUSH 64 MLOAD DUP1 DUP3 DUP3,5,32,14,18,false,true
509050919050,5092911750,POP SWAP3 SWAP2 OR POP,5,15,13,2,false,true
600042905090,4290,TIMESTAMP SWAP1,2,13,5,8,true,true
80600067ffffffffffffffff1681,80600081,DUP1 PUSH 0 DUP2,3,15,9,6,true,true
600043905090,4390,NUMBER SWAP1,2,13,5,8,true,true
600060009050,6000,PUSH 0,1,11,3,8,true,true
600060019050,6001,PUSH 1,1,11,3,8,true,true
600060208190,600060006020,PUSH 0 PUSH 0 PUSH 32,3,12,9,3,true,true
600080191681,600081,PUSH 0 DUP2,2,15,6,9,true,true
600080549050,600054,PUSH 0 SLOAD,2,211,203,8,false,true
600080905090,600090,PUSH 0 SWAP1,2,14,6,8,true,true
600081905550,600055,PUSH 0 SSTORE,2,20011,20003,8,false,true
600160009081,600060016000,PUSH 0 PUSH 1 PUSH 0,3,12,9,3,true,true
600160208190,600160016020,PUSH 1 PUSH 1 PUSH 32,3,12,9,3,true,true
600160209081,6020600181,PUSH 32 PUSH 1 DUP2,3,12,9,3,true,true
600181905550,600155,PUSH 1 SSTORE,2,20011,20003,8,false,true
336006600083600019166000191681,33600660008381,CALLER PUSH 6 PUSH 0 DUP4 DUP2,5,32,14,18,false,true
346001600084600019166000191681,3460016000846000,CALLVALUE PUSH 1 PUSH 0 DUP5 PUSH 0,5,32,14,18,false,true
34670de0b6b3a76400008114610289,3434670de0b6b3a764000014610289,CALLVALUE CALLVALUE PUSH 1000000000000000000 EQ PUSH 649,5,14,13,1,false,true
600260208190,600260026020,PUSH 2 PUSH 2 PUSH 32,3,12,9,3,true,true
600260209081,602060026020,PUSH 32 PUSH 2 PUSH 32,3,12,9,3,true,true
600281905550,600255,PUSH 2 SSTORE,2,20011,20003,8,false,true
600060006236e44543111515610a44,600080436236e44510610a44,PUSH 0 DUP1 NUMBER PUSH 3597381 LT PUSH 2628,6,23,17,6,false,true
600060226003600481101515611f98,6000602260036001611f98,PUSH 0 PUSH 34 PUSH 3 PUSH 1 PUSH 8088,5,27,15,12,false,true
600360208190,600360036020,PUSH 3 PUSH 3 PUSH 32,3,12,9,3,true,true
600360209081,602060036020,PUSH 32 PUSH 3 PUSH 32,3,12,9,3,true,true
60008060008091506122d984612422,60008060006122d984612422,PUSH 0 DUP1 PUSH 0 PUSH 8921 DUP5 PUSH 9250,6,26,18,8,false,true
60008082016000612a699190612abc,6000612a6982926000612abc,PUSH 0 PUSH 10857 DUP3 SWAP3 PUSH 0 PUSH 10940,6,27,18,9,false,true
60008264ffffffffff1611156129fb,8164ffffffffff16156129fb,DUP2 PUSH 1099511627775 AND ISZERO PUSH 10747,5,21,15,6,false,true
600160008083600019166000191681,600160006000836000,PUSH 1 PUSH 0 PUSH 0 DUP4 PUSH 0,5,33,15,18,true,true
6001601f600a600c81101515612c3a,6001601f600a6001612c3a,PUSH 1 PUSH 31 PUSH 10 PUSH 1 PUSH 11322,5,27,15,12,false,true
338082,333382,CALLER CALLER DUP3,3,8,7,1,true,true
600460208190,600460046020,PUSH 4 PUSH 4 PUSH 32,3,12,9,3,true,true
600460209081,602060046020,PUSH 32 PUSH 4 PUSH 32,3,12,9,3,true,true
600180600083600019166000191681,600160016000836000,PUSH 1 PUSH 1 PUSH 0 DUP4 PUSH 0,5,33,15,18,true,true
339050,5033,POP CALLER,2,7,4,3,true,true
600460018003600181101515610cb9,600460006001610cb9,PUSH 4 PUSH 0 PUSH 1 PUSH 3257,4,30,12,18,false,true
600481905550,600455,PUSH 4 SSTORE,2,20011,20003,8,false,true
600560208190,600560056020,PUSH 5 PUSH 5 PUSH 32,3,12,9,3,true,true
600560209081,602060056020,PUSH 32 PUSH 5 PUSH 32,3,12,9,3,true,true
600581905550,600555,PUSH 5 SSTORE,2,20011,20003,8,false,true
600660209081,602060066020,PUSH 32 PUSH 6 PUSH 32,3,12,9,3,true,true
600681905550,600655,PUSH 6 SSTORE,2,20011,20003,8,false,true
600760208190,600760076020,PUSH 7 PUSH 7 PUSH 32,3,12,9,3,true,true
600760209081,602060076020,PUSH 32 PUSH 7 PUSH 32,3,12,9,3,true,true
66038d7ea4c6800034141515610768,66038d7ea4c680003414610768,PUSH 1000000000000000 CALLVALUE EQ PUSH 1896,4,17,11,6,true,true
600860208190,6008806020,PUSH 8 DUP1 PUSH 32,3,12,9,3,true,true
600860209081,602060086020,PUSH 32 PUSH 8 PUSH 32,3,12,9,3,true,true
600881905550,600855,PUSH 8 SSTORE,2,20011,20003,8,false,true
600960208190,600960096020,PUSH 9 PUSH 9 PUSH 32,3,12,9,3,true,true
600960209081,602060096020,PUSH 32 PUSH 9 PUSH 32,3,12,9,3,true,true
600981905550,600955,PUSH 9 SSTORE,2,20011,20003,8,false,true
600060010282600019161415156107a5,81156107a5,DUP2 ISZERO PUSH 1957,3,35,9,26,true,true
60008060008060006046945060009350,6046600080806000,PUSH 70 PUSH 0 DUP1 DUP1 PUSH 0,5,31,15,16,false,true
600a60209081,6020600a81,PUSH 32 PUSH 10 DUP2,3,12,9,3,true,true
600a81905550,600a55,PUSH 10 SSTORE,2,20011,20003,8,false,true
600b60208190,600b600b6020,PUSH 11 PUSH 11 PUSH 32,3,12,9,3,true,true
600b60209081,6020600b6020,PUSH 32 PUSH 11 PUSH 32,3,12,9,3,true,true
600b81905550,600b55,PUSH 11 SSTORE,2,20011,20003,8,false,true
600c60208190,600c600c6020,PUSH 12 PUSH 12 PUSH 32,3,12,9,3,true,true
600c60209081,6020600c6020,PUSH 32 PUSH 12 PUSH 32,3,12,9,3,true,true
600d60209081,6020600d81,PUSH 32 PUSH 13 DUP2,3,12,9,3,true,true
600d81905550,600d55,PUSH 13 SSTORE,2,20011,20003,8,false,true
6064601f6009600c81101515611738,6064601f60096001611738,PUSH 100 PUSH 31 PUSH 9 PUSH 1 PUSH 5944,5,27,15,12,false,true
600e60209081,6020600e81,PUSH 32 PUSH 14 DUP2,3,12,9,3,true,true
600e81905550,600e55,PUSH 14 SSTORE,2,20011,20003,8,false,true
61020e600084600019166000191681,61020e60008481,PUSH 526 PUSH 0 DUP5 DUP2,4,30,12,18,true,true
600f60209081,6020600f6020,PUSH 32 PUSH 15 PUSH 32,3,12,9,3,true,true
601081905550,601055,PUSH 16 SSTORE,2,20011,20003,8,false,true
601160209081,6020601181,PUSH 32 PUSH 17 DUP2,3,12,9,3,true,true
66038d7ea4c68000341015156104ca,3466038d7ea4c68000116104ca,CALLVALUE PUSH 1000000000000000 GT PUSH 1226,4,17,11,6,false,true
601460209081,602060146020,PUSH 32 PUSH 20 PUSH 32,3,12,9,3,true,true
806007600084600019166000191681,8060076000846000,DUP1 PUSH 7 PUSH 0 DUP5 PUSH 0,5,33,15,18,true,true
601560209081,602060156020,PUSH 32 PUSH 21 PUSH 32,3,12,9,3,true,true
601681905550,601655,PUSH 22 SSTORE,2,20011,20003,8,false,true
816001600085600019166000191681,8160016000856000,DUP2 PUSH 1 PUSH 0 DUP6 PUSH 0,5,33,15,18,true,true
816009600085600019166000191681,8160096000856000,DUP2 PUSH 9 PUSH 0 DUP6 PUSH 0,5,33,15,18,false,true
81600d600085600019166000191681,81600d6000856000,DUP2 PUSH 13 PUSH 0 DUP6 PUSH 0,5,33,15,18,false,true
601c60209081,6020601c6020,PUSH 32 PUSH 28 PUSH 32,3,12,9,3,true,true
905060008082600019166000191681,90506000808281,SWAP1 POP PUSH 0 DUP1 DUP3 DUP2,6,35,17,18,false,true
346706f05b59d3b2000081101561293b,34346706f05b59d3b20000111561293b,CALLVALUE CALLVALUE PUSH 500000000000000000 GT ISZERO PUSH 10555,6,17,16,1,false,true
602260209081,602060226020,PUSH 32 PUSH 34 PUSH 32,3,12,9,3,true,true
602460209081,602060246020,PUSH 32 PUSH 36 PUSH 32,3,12,9,3,true,true
60006000820160006131029190613159,6000613102826000613159,PUSH 0 PUSH 12546 DUP3 PUSH 0 PUSH 12633,5,27,15,12,true,true
60006001600084600019166000191681,6000600160008481,PUSH 0 PUSH 1 PUSH 0 DUP5 DUP2,5,33,15,18,true,true
60006001600203600281101515610c9e,600060016001610c9e,PUSH 0 PUSH 1 PUSH 1 PUSH 3230,4,30,12,18,false,true
60006004600083600019166000191681,6000600481836000,PUSH 0 PUSH 4 DUP2 DUP4 PUSH 0,5,33,15,18,true,true
60006004600084600019166000191681,6000600460008481,PUSH 0 PUSH 4 PUSH 0 DUP5 DUP2,5,33,15,18,true,true
60006007600083600019166000191681,6000600781836000,PUSH 0 PUSH 7 DUP2 DUP4 PUSH 0,5,33,15,18,true,true
60006008600083600019166000191681,60006008818383,PUSH 0 PUSH 8 DUP2 DUP4 DUP4,5,33,15,18,true,true
6000600a600083600019166000191681,6000600a81836000,PUSH 0 PUSH 10 DUP2 DUP4 PUSH 0,5,33,15,18,true,true
60008060008060008551945060009350,8051600060008082,DUP1 MLOAD PUSH 0 PUSH 0 DUP1 DUP3,6,33,17,16,false,true
600080600080600092506120e5612f4c,600060006000806120e5612f4c,PUSH 0 PUSH 0 PUSH 0 DUP1 PUSH 8421 PUSH 12108,6,26,18,8,false,true
6000806000806001600281111561061c,6000600081806001600161061c,PUSH 0 PUSH 0 DUP2 DUP1 PUSH 1 PUSH 1 PUSH 1564,7,30,21,9,false,true
60008060008092506000915060009050,6000806000,PUSH 0 DUP1 PUSH 0,3,33,9,24,true,true
60008060146000836003811115613371,6000600060146000806001613371,PUSH 0 PUSH 0 PUSH 20 PUSH 0 DUP1 PUSH 1 PUSH 13169,7,30,21,9,false,true
60008063deadbeef9050805491505090,63deadbeef5490,PUSH 3735928559 SLOAD SWAP1,3,227,206,21,false,true
60008160048190555060019050919050,6004600192919055,PUSH 4 PUSH 1 SWAP3 SWAP2 SWAP1 SSTORE,6,20033,20015,18,false,true
60016005600083600019166000191681,6001600560008381,PUSH 1 PUSH 5 PUSH 0 DUP4 DUP2,5,33,15,18,true,true
603360209081,602060336020,PUSH 32 PUSH 51 PUSH 32,3,12,9,3,true,true
611ec860056000600b81101515611db7,611ec8600560006001611db7,PUSH 7880 PUSH 5 PUSH 0 PUSH 1 PUSH 7607,5,27,15,12,false,true
612b0c60056000600b81101515612ae4,612b0c600560006001612ae4,PUSH 11020 PUSH 5 PUSH 0 PUSH 1 PUSH 10980,5,27,15,12,false,true
61318a60186000600481101515613152,61318a601860006001613152,PUSH 12682 PUSH 24 PUSH 0 PUSH 1 PUSH 12626,5,27,15,12,false,true
6131d56018600160048110151561319d,6131d560186001600161319d,PUSH 12757 PUSH 24 PUSH 1 PUSH 1 PUSH 12701,5,27,15,12,false,true
6148456018600060048110151561481d,61484560186000600161481d,PUSH 18501 PUSH 24 PUSH 0 PUSH 1 PUSH 18461,5,27,15,12,false,true
67016345785d8a000034101515610139,3467016345785d8a000011610139,CALLVALUE PUSH 100000000000000000 GT PUSH 313,4,17,11,6,false,true
606060409081,604060606040,PUSH 64 PUSH 96 PUSH 64,3,12,9,3,true,true
5060016005600083600019166000191681,1950600160056000836000,NOT POP PUSH 1 PUSH 5 PUSH 0 DUP4 PUSH 0,7,35,20,15,false,true
5060016007600083600019166000191681,1950600160076000836000,NOT POP PUSH 1 PUSH 7 PUSH 0 DUP4 PUSH 0,7,35,20,15,false,true
6000151560008083600019166000191681,6000600060008383,PUSH 0 PUSH 0 PUSH 0 DUP4 DUP4,5,39,15,24,true,true
6000600060008492506000915060009050,81600080,DUP2 PUSH 0 DUP1,3,33,9,24,true,true
6000806000806000806000945060009350,6000806000808082,PUSH 0 DUP1 PUSH 0 DUP1 DUP1 DUP3,6,34,18,16,true,true
6000806000806000809350611e8d612f4c,60006000600060006000611e8d612f4c,PUSH 0 PUSH 0 PUSH 0 PUSH 0 PUSH 0 PUSH 7821 PUSH 12108,7,29,21,8,false,true
6000806000806000925061273d85613f5d,6000600060008261273d85613f5d,PUSH 0 PUSH 0 PUSH 0 DUP3 PUSH 10045 DUP6 PUSH 16221,7,29,21,8,false,true
6000806000905060016006811115611039,6000600060016001611039,PUSH 0 PUSH 0 PUSH 1 PUSH 1 PUSH 4153,5,32,15,17,false,true
600080600b600085600019166000191681,600080600b82856000,PUSH 0 DUP1 PUSH 11 DUP3 DUP6 PUSH 0,6,36,18,18,false,true
6000808060ff84168190108015906126ba,6000600060006001836126ba,PUSH 0 PUSH 0 PUSH 0 PUSH 1 DUP4 PUSH 9914,6,39,18,21,false,true
600080823b905060008114915050919050,3b1590,EXTCODESIZE ISZERO SWAP1,3,738,706,32,false,true
6001600060146000836003811115612dce,6001600060146000836001612dce,PUSH 1 PUSH 0 PUSH 20 PUSH 0 DUP4 PUSH 1 PUSH 11726,7,30,21,9,false,true
60026000601460008360038111156147cb,60026000601460008360016147cb,PUSH 2 PUSH 0 PUSH 20 PUSH 0 DUP4 PUSH 1 PUSH 18379,7,30,21,9,false,true
6003600060146000836003811115611e37,600360006014600060036001611e37,PUSH 3 PUSH 0 PUSH 20 PUSH 0 PUSH 3 PUSH 1 PUSH 7735,7,30,21,9,false,true
613a0b6005600083600019166000191681,613a0b600560008381,PUSH 14859 PUSH 5 PUSH 0 DUP4 DUP2,5,33,15,18,true,true
8060008163ffffffff161015801561294f,806001600061294f,DUP1 PUSH 1 PUSH 0 PUSH 10575,4,30,12,18,true,true
8101908080519060200190929190505050,5051,POP MLOAD,2,44,4,40,true,true
8160006000506000600160005060008681,81600080600181846000,DUP2 PUSH 0 DUP1 PUSH 1 DUP2 DUP5 PUSH 0,7,31,21,10,false,true
600060006000506000600160005060008681,6000806000600182866000,PUSH 0 DUP1 PUSH 0 PUSH 1 DUP3 DUP7 PUSH 0,7,31,21,10,false,true
600080349150600090506000821415610197,60003490803411610197,PUSH 0 CALLVALUE SWAP1 DUP1 CALLVALUE GT PUSH 407,7,36,19,17,false,true
60608490,836060,DUP4 PUSH 96,2,9,6,3,true,true
60808390,826080,DUP3 PUSH 128,2,9,6,3,true,true
80600190,600181,PUSH 1 DUP2,2,9,6,3,true,true
80600590,600581,PUSH 5 DUP2,2,9,6,3,true,true
80600a90,600a81,PUSH 10 DUP2,2,9,6,3,true,true
80600d90,600d81,PUSH 13 DUP2,2,9,6,3,true,true
80905090,90,SWAP1,1,11,3,8,true,true
81019050,01,ADD,1,11,3,8,true,true
605a60048080359060200190919050506074,605a6004356074,PUSH 90 PUSH 4 CALLDATALOAD PUSH 116,4,40,12,28,false,true
81549150,905490,SWAP1 SLOAD SWAP1,3,208,206,2,false,true
6072600480803590602001909190505060f9,607260043560f9,PUSH 114 PUSH 4 CALLDATALOAD PUSH 249,4,40,12,28,false,true
611eb3600160146000600380811115611e8a,611eb360016014600060036001611e8a,PUSH 7859 PUSH 1 PUSH 20 PUSH 0 PUSH 3 PUSH 1 PUSH 7818,7,30,21,9,false,true
83549350,925492,SWAP3 SLOAD SWAP3,3,208,206,2,false,true
6133ed6001601460008060038111156133c4,6133ed60016014600080836133c4,PUSH 13293 PUSH 1 PUSH 20 PUSH 0 DUP1 DUP4 PUSH 13252,7,30,21,9,false,true
810190808051906020019092919050505050,5050,POP POP,2,46,4,42,true,true
3060008181,306000306000,ADDRESS PUSH 0 ADDRESS PUSH 0,4,11,10,1,true,true
60006116476002600084600019166000191681,600061164760026000846000,PUSH 0 PUSH 5703 PUSH 2 PUSH 0 DUP5 PUSH 0,6,36,18,18,false,true
34801560e0,34341560e0,CALLVALUE CALLVALUE ISZERO PUSH 224,4,11,10,1,true,true
3d80600084,3d3d600084,RETURNDATASIZE RETURNDATASIZE PUSH 0 DUP5,4,11,10,1,true,true
4360009081,6000436000,PUSH 0 NUMBER PUSH 0,3,11,8,3,true,true
5034600014,503415,POP CALLVALUE ISZERO,3,10,7,3,true,true
5060003414,503415,POP CALLVALUE ISZERO,3,10,7,3,true,true
6088600480803590602001909190505061018f,608860043561018f,PUSH 136 PUSH 4 CALLDATALOAD PUSH 399,4,40,12,28,false,true
60af60048080359060200190919050506101e0,60af6004356101e0,PUSH 175 PUSH 4 CALLDATALOAD PUSH 480,4,40,12,28,false,true
60ff6004808035906020019091905050610601,60ff600435610601,PUSH 255 PUSH 4 CALLDATALOAD PUSH 1537,4,40,12,28,false,true
611a3760016008600084600019166000191681,611a37600160086000846000,PUSH 6711 PUSH 1 PUSH 8 PUSH 0 DUP5 PUSH 0,6,36,18,18,false,true
611d5660016009600084600019166000191681,611d56600160096000846000,PUSH 7510 PUSH 1 PUSH 9 PUSH 0 DUP5 PUSH 0,6,36,18,18,false,true
61294f60016008600085600019166000191681,61294f600160086000856000,PUSH 10575 PUSH 1 PUSH 8 PUSH 0 DUP6 PUSH 0,6,36,18,18,false,true
612e4b60016014600060016003811115612e22,612e4b600160146000600183612e22,PUSH 11851 PUSH 1 PUSH 20 PUSH 0 PUSH 1 DUP4 PUSH 11810,7,30,21,9,false,true
6144c16103e8601f6002600c811015156144ae,6144c16103e8601f600260016144ae,PUSH 17601 PUSH 1000 PUSH 31 PUSH 2 PUSH 1 PUSH 17582,6,30,18,12,false,true
6144fd6103e8601f6000600c811015156144ea,6144fd6103e8601f600060016144ea,PUSH 17661 PUSH 1000 PUSH 31 PUSH 0 PUSH 1 PUSH 17642,6,30,18,12,false,true
6148486001601460006002600381111561481f,61484860016014600060028361481f,PUSH 18504 PUSH 1 PUSH 20 PUSH 0 PUSH 2 DUP4 PUSH 18463,7,30,21,9,false,true
614aac6103e8602b6000600d81101515614a86,614aac6103e8602b60006001614a86,PUSH 19116 PUSH 1000 PUSH 43 PUSH 0 PUSH 1 PUSH 19078,6,30,18,12,false,true
81019080805190602001909291905050505050,505050,POP POP POP,3,48,6,42,true,true
6000806000601f91506154d16001600a84611d77,6000601f60006154d16001600a611d77601f90,PUSH 0 PUSH 31 PUSH 0 PUSH 21713 PUSH 1 PUSH 10 PUSH 7543 PUSH 31 SWAP1,9,32,27,5,false,true
6000829050,81,DUP2,1,11,3,8,true,true
6000905090,50600090,POP PUSH 0 SWAP1,3,11,8,3,true,true
6004819055,80600455,DUP1 PUSH 4 SSTORE,3,20009,20006,3,false,true
6005829055,81600555,DUP2 PUSH 5 SSTORE,3,20009,20006,3,false,true
6009829055,81600955,DUP2 PUSH 9 SSTORE,3,20009,20006,3,false,true
61050f600480803590602001909190505061126b,61050f60043561126b,PUSH 1295 PUSH 4 CALLDATALOAD PUSH 4715,4,40,12,28,false,true
600b819055,80600b55,DUP1 PUSH 11 SSTORE,3,20009,20006,3,false,true
81019080803590602001909291905050506118d8,50356118d8,POP CALLDATALOAD PUSH 6360,3,48,8,40,false,true
600d819055,80600d55,DUP1 PUSH 13 SSTORE,3,20009,20006,3,false,true
6011819055,80601155,DUP1 PUSH 17 SSTORE,3,20009,20006,3,false,true
6020929092,916020,SWAP2 PUSH 32,2,12,6,6,true,true
600060606000806000808694506000935060029050,60008160006000806002,PUSH 0 DUP2 PUSH 0 PUSH 0 DUP1 PUSH 2,6,42,18,24,false,true
600080600080610103600087600019166000191681,600080808061010360008781,PUSH 0 DUP1 DUP1 DUP1 PUSH 259 PUSH 0 DUP8 DUP2,8,42,24,18,false,true
600080600080849350600092506000915060009050,806000600081,DUP1 PUSH 0 PUSH 0 DUP2,4,44,12,32,true,true
600080600080869350600092506000915060009050,826000600080,DUP3 PUSH 0 PUSH 0 DUP1,4,44,12,32,true,true
61ffff9050,5061ffff,POP PUSH 65535,2,8,5,3,true,true
8060015550,600155,PUSH 1 SSTORE,2,20008,20003,5,false,true
8061010090,61010081,PUSH 256 DUP2,2,9,6,3,true,true
60011515600660008363ffffffff1663ffffffff1681,60016006600063ffffffff84166000,PUSH 1 PUSH 6 PUSH 0 PUSH 4294967295 DUP5 AND PUSH 0,7,33,21,12,false,true
8190505050,5050,POP POP,2,12,4,8,true,true
8382906000,81846000,DUP2 DUP5 PUSH 0,3,12,9,3,true,true
9050919050,92915050,SWAP3 SWAP2 POP POP,4,13,10,3,true,true
9091508190,819250,DUP2 SWAP3 POP,3,14,8,6,true,true
9150819050,91185080,SWAP2 XOR POP DUP1,4,13,11,2,false,true
9192508291,829350,DUP3 SWAP4 POP,3,14,8,6,true,true
5073175e8ca2a7ad4f205688a6896daa572733e0b6e19050,505073175e8ca2a7ad4f205688a6896daa572733e0b6e1,POP POP PUSH 133415308846265022784276551216738691065420232417,3,10,7,3,true,true
600060606000806000869350600092506000915060009050,600082818281,PUSH 0 DUP3 DUP2 DUP3 DUP2,5,47,15,32,true,true
600080600080600060159350600092506000915060009050,600060156000600080,PUSH 0 PUSH 21 PUSH 0 PUSH 0 DUP1,5,47,15,32,false,true
600080600080600080349550600094506000935060009150,34600060008060006000,CALLVALUE PUSH 0 PUSH 0 DUP1 PUSH 0 PUSH 0,6,49,17,32,false,true
61014d600480803560001916906020019091905050610bfd,61014d600435610bfd,PUSH 333 PUSH 4 CALLDATALOAD PUSH 3069,4,49,12,37,false,true
610171600480803560001916906020019091905050610e7c,610171600435610e7c,PUSH 369 PUSH 4 CALLDATALOAD PUSH 3708,4,49,12,37,false,true
61019d6004808035600019169060200190919050506104b8,600461019d90356104b8,PUSH 4 PUSH 413 SWAP1 CALLDATALOAD PUSH 1208,5,49,15,34,false,true
6101d2600480803560001916906020019091905050610b60,6101d2600435610b60,PUSH 466 PUSH 4 CALLDATALOAD PUSH 2912,4,49,12,37,false,true
6101d96004808035600019169060200190919050506105ec,6101d96004356105ec,PUSH 473 PUSH 4 CALLDATALOAD PUSH 1516,4,49,12,37,false,true
6102f9600480803560001916906020019091905050610dfa,6102f9600435610dfa,PUSH 761 PUSH 4 CALLDATALOAD PUSH 3578,4,49,12,37,false,true
61020360048080356000191690602001909190505061083e,61020360043561083e,PUSH 515 PUSH 4 CALLDATALOAD PUSH 2110,4,49,12,37,false,true
610227600480803560001916906020019091905050610861,60046102279035610861,PUSH 4 PUSH 551 SWAP1 CALLDATALOAD PUSH 2145,5,49,15,34,false,true
610337600480803560001916906020019091905050610a38,610337600435610a38,PUSH 823 PUSH 4 CALLDATALOAD PUSH 2616,4,49,12,37,true,true
6103a1600480803560001916906020019091905050610b84,6103a1600435610b84,PUSH 929 PUSH 4 CALLDATALOAD PUSH 2948,4,49,12,37,false,true
610378600480803560001916906020019091905050610cc6,610378600435610cc6,PUSH 888 PUSH 4 CALLDATALOAD PUSH 3270,4,49,12,37,false,true
610778600480803560001916906020019091905050611605,610778600435611605,PUSH 1912 PUSH 4 CALLDATALOAD PUSH 5637,4,49,12,37,false,true
610a35600480803560001916906020019091905050612b3f,610a35600435612b3f,PUSH 2613 PUSH 4 CALLDATALOAD PUSH 11071,4,49,12,37,false,true
1415156102ae,146102ae,EQ PUSH 686,2,12,6,6,true,true
151515611845,15611845,ISZERO PUSH 6213,2,12,6,6,true,true
3480156106da,3434156106da,CALLVALUE CALLVALUE ISZERO PUSH 1754,4,11,10,1,true,true
348183018190,3434838301,CALLVALUE CALLVALUE DUP4 DUP4 ADD,5,17,13,4,false,true
503460009081,506000346000,POP PUSH 0 CALLVALUE PUSH 0,4,13,10,3,true,true
506000811015,506001,POP PUSH 1,2,14,5,9,true,true
506000819055,8160005550,DUP2 PUSH 0 SSTORE POP,4,20011,20008,3,false,true
506000841015,506001,POP PUSH 1,2,14,5,9,true,true
5061069f9050,505061069f,POP POP PUSH 1695,3,10,7,3,true,true
600033905090,3390,CALLER SWAP1,2,13,5,8,true,true
600060ff1681,600081,PUSH 0 DUP2,2,12,6,6,true,true
73668fc8d2004379275357c8d8e2502e19153adeee3314151561062b,73668fc8d2004379275357c8d8e2502e19153adeee331461062b,PUSH 585523559104255257204202529532071797791580151534 CALLER EQ PUSH 1579,4,17,11,6,true,true
600073ffffffffffffffffffffffffffffffffffffffff166000808381,600080818383,PUSH 0 DUP1 DUP2 DUP4 DUP4,5,21,15,6,true,true
600d60208190,600d600d6020,PUSH 13 PUSH 13 PUSH 32,3,12,9,3,true,true
73ffffffffffffffffffffffffffffffffffffffff9190911660009081,73ffffffffffffffffffffffffffffffffffffffff9160009192166000,PUSH 1461501637330902918203684832716283019655932542975 SWAP2 PUSH 0 SWAP2 SWAP3 AND PUSH 0,7,24,21,3,false,true
600f81905550,600f55,PUSH 15 SSTORE,2,20011,20003,8,false,true
601060209081,602060106020,PUSH 32 PUSH 16 PUSH 32,3,12,9,3,true,true
601660209081,602060166020,PUSH 32 PUSH 22 PUSH 32,3,12,9,3,true,true
601581905550,601555,PUSH 21 SSTORE,2,20011,20003,8,false,true
601760209081,6020601781,PUSH 32 PUSH 23 DUP2,3,12,9,3,true,true
601d81905550,601d55,PUSH 29 SSTORE,2,20011,20003,8,false,true
601e81905550,601e55,PUSH 30 SSTORE,2,20011,20003,8,false,true
601f60209081,6020601f6020,PUSH 32 PUSH 31 PUSH 32,3,12,9,3,true,true
75ffffffffffffffffffffffffffffffffffffffffffff80841660009081,75ffffffffffffffffffffffffffffffffffffffffffff60008185166000,PUSH 95780971304118053647396689196894323976171195136475135 PUSH 0 DUP2 DUP6 AND PUSH 0,6,21,18,3,false,true
600060005060003373ffffffffffffffffffffffffffffffffffffffff1681,6000600073ffffffffffffffffffffffffffffffffffffffff33166000,PUSH 0 PUSH 0 PUSH 1461501637330902918203684832716283019655932542975 CALLER AND PUSH 0,6,22,17,5,false,true
603460209081,6020603481,PUSH 32 PUSH 52 DUP2,3,12,9,3,true,true
6000600160005060008473ffffffffffffffffffffffffffffffffffffffff1681,60008273ffffffffffffffffffffffffffffffffffffffff16816001916000,PUSH 0 DUP3 PUSH 1461501637330902918203684832716283019655932542975 AND DUP2 PUSH 1 SWAP2 PUSH 0,8,26,24,2,false,true
605060209081,602060506020,PUSH 32 PUSH 80 PUSH 32,3,12,9,3,true,true
610100909101,9061010001,SWAP1 PUSH 256 ADD,3,12,9,3,true,true
611f40905090,50611f4090,POP PUSH 8000 SWAP1,3,11,8,3,true,true
61ffff549050,5061ffff54,POP PUSH 65535 SLOAD,3,208,205,3,false,true
62049d409050,5062049d40,POP PUSH 302400,2,8,5,3,true,true
805460009081,600081546000,PUSH 0 DUP2 SLOAD PUSH 0,4,212,209,3,false,true
806000151581,80600082,DUP1 PUSH 0 DUP3,3,15,9,6,true,true
809050206000,206000,SHA3 PUSH 0,2,41,33,8,false,true
809050919050,905090,SWAP1 POP SWAP1,3,16,8,8,true,true
809250505090,9115145090,SWAP2 ISZERO EQ POP SWAP1,5,15,14,1,false,true
809291908181,9190828181,SWAP2 SWAP1 DUP3 DUP2 DUP2,5,18,15,3,false,true
815460009081,6000825481,PUSH 0 DUP3 SLOAD DUP2,4,212,209,3,false,true
816000018181,818181,DUP2 DUP2 DUP2,3,15,9,6,true,true
818101919091,8181929101,DUP2 DUP2 SWAP3 SWAP2 ADD,5,18,15,3,false,true
818101929092,91818301,SWAP2 DUP2 DUP4 ADD,4,18,12,6,false,true
819050612052,5080612052,POP DUP1 PUSH 8274,3,11,8,3,true,true
819250505090,9092911150,SWAP1 SWAP3 SWAP2 GT POP,5,15,14,1,false,true
828101919091,90828201,SWAP1 DUP3 DUP3 ADD,4,18,12,6,false,true
828401919091,90828401,SWAP1 DUP3 DUP5 ADD,4,18,12,6,false,true
829050611a44,5081611a44,POP DUP2 PUSH 6724,3,11,8,3,true,true
7f30000000000000000000000000000000000000000000000000000000000000009050612872,507f3000000000000000000000000000000000000000000000000000000000000000612872,POP PUSH 21711016731996786641919559689128982722488122124807605757398297001483711807488 PUSH 10354,3,11,8,3,true,true
838101929092,8381939101,DUP4 DUP2 SWAP4 SWAP2 ADD,5,18,15,3,false,true
839050611f05,5082611f05,POP DUP3 PUSH 7941,3,11,8,3,true,true
6040517f1be35a59eaf211d3524f68a4558ae53028c9bbf75ad022c1de1b35bee8b3a1b590600090,7f1be35a59eaf211d3524f68a4558ae53028c9bbf75ad022c1de1b35bee8b3a1b56000604051,PUSH 12614144776802008176636744931026456469851337691203113218465368617421437641141 PUSH 0 PUSH 64 MLOAD,4,17,11,6,true,true
7fa490aab0d89837371982f93f57ffd20c47991f88066ef92475bc8233036969bb60010290508181555050,507fa490aab0d89837371982f93f57ffd20c47991f88066ef92475bc8233036969bb55,POP PUSH 74434911209623415752086755725426944520141552468512316257537400489365115333051 SSTORE,3,20026,20005,21,false,true
60007f2bbac3e52eee27be250d682577104e2abe776c40160cd3167b2463393310043360010290508181555050,7f2bbac3e52eee27be250d682577104e2abe776c40160cd3167b2463393310043355,PUSH 19779438062436981924846314629752816159766909632204582938781927791194178323507 SSTORE,2,20029,20003,26,false,true
6000803073ffffffffffffffffffffffffffffffffffffffff1673ffffffffffffffffffffffffffffffffffffffff1681,60008073ffffffffffffffffffffffffffffffffffffffff301682,PUSH 0 DUP1 PUSH 1461501637330902918203684832716283019655932542975 ADDRESS AND DUP3,6,23,17,6,false,true
30331415156044,3033146044,ADDRESS CALLER EQ PUSH 68,4,16,10,6,true,true
600160008373ffffffffffffffffffffffffffffffffffffffff1673ffffffffffffffffffffffffffffffffffffffff1681,6001600073ffffffffffffffffffffffffffffffffffffffff84166000,PUSH 1 PUSH 0 PUSH 1461501637330902918203684832716283019655932542975 DUP5 AND PUSH 0,6,24,18,6,false,true
34141515611363,3414611363,CALLVALUE EQ PUSH 4963,3,14,8,6,true,true
42829010611430,428211611430,TIMESTAMP DUP3 GT PUSH 5168,4,14,11,3,false,true
809050,,,0,8,0,8,true,true
33600160003373ffffffffffffffffffffffffffffffffffffffff1673ffffffffffffffffffffffffffffffffffffffff1681,33600160003373ffffffffffffffffffffffffffffffffffffffff1681,CALLER PUSH 1 PUSH 0 CALLER PUSH 1461501637330902918203684832716283019655932542975 AND DUP2,7,25,19,6,false,true
33600660008273ffffffffffffffffffffffffffffffffffffffff1673ffffffffffffffffffffffffffffffffffffffff1681,33600673ffffffffffffffffffffffffffffffffffffffff60009083166000,CALLER PUSH 6 PUSH 1461501637330902918203684832716283019655932542975 PUSH 0 SWAP1 DUP4 AND PUSH 0,8,26,23,3,false,true
33600960008273ffffffffffffffffffffffffffffffffffffffff1673ffffffffffffffffffffffffffffffffffffffff1681,33600973ffffffffffffffffffffffffffffffffffffffff60009083166000,CALLER PUSH 9 PUSH 1461501637330902918203684832716283019655932542975 PUSH 0 SWAP1 DUP4 AND PUSH 0,8,26,23,3,false,true
42600160003373ffffffffffffffffffffffffffffffffffffffff1673ffffffffffffffffffffffffffffffffffffffff1681,426001600073ffffffffffffffffffffffffffffffffffffffff33166000,TIMESTAMP PUSH 1 PUSH 0 PUSH 1461501637330902918203684832716283019655932542975 CALLER AND PUSH 0,7,25,19,6,false,true
50600060045414,5060045415,POP PUSH 4 SLOAD ISZERO,4,211,208,3,false,true
50600060065414,5060065415,POP PUSH 6 SLOAD ISZERO,4,211,208,3,false,true
50600060075414,5060075415,POP PUSH 7 SLOAD ISZERO,4,211,208,3,false,true
50600060085414,5060085415,POP PUSH 8 SLOAD ISZERO,4,211,208,3,false,true
50600060125414,5060125415,POP PUSH 18 SLOAD ISZERO,4,211,208,3,false,true
50600160209081,506020600181,POP PUSH 32 PUSH 1 DUP2,4,14,11,3,true,true
6000600160008373ffffffffffffffffffffffffffffffffffffffff1673ffffffffffffffffffffffffffffffffffffffff1681,6000600160008373ffffffffffffffffffffffffffffffffffffffff1681,PUSH 0 PUSH 1 PUSH 0 DUP4 PUSH 1461501637330902918203684832716283019655932542975 AND DUP2,7,27,21,6,false,true
50600660209081,506020600681,POP PUSH 32 PUSH 6 DUP2,4,14,11,3,true,true
50600860209081,506020600881,POP PUSH 32 PUSH 8 DUP2,4,14,11,3,true,true
50805190506000,50516000,POP MLOAD PUSH 0,3,15,7,8,true,true
60011515600a60003273ffffffffffffffffffffffffffffffffffffffff1673ffffffffffffffffffffffffffffffffffffffff1681,6001600a600073ffffffffffffffffffffffffffffffffffffffff321681,PUSH 1 PUSH 10 PUSH 0 PUSH 1461501637330902918203684832716283019655932542975 ORIGIN AND DUP2,7,32,20,12,false,true
60011515600d60003373ffffffffffffffffffffffffffffffffffffffff1673ffffffffffffffffffffffffffffffffffffffff1681,6001600d600073ffffffffffffffffffffffffffffffffffffffff331681,PUSH 1 PUSH 13 PUSH 0 PUSH 1461501637330902918203684832716283019655932542975 CALLER AND DUP2,7,32,20,12,false,true
60001515610177,6000610177,PUSH 0 PUSH 375,2,12,6,6,true,true
60006000505481,60005481,PUSH 0 SLOAD DUP2,3,211,206,5,false,true
60006000549050,600054,PUSH 0 SLOAD,2,211,203,8,false,true
60006001905090,600190,PUSH 1 SWAP1,2,14,6,8,true,true
60006006549050,600654,PUSH 6 SLOAD,2,211,203,8,false,true
819050,5080,POP DUP1,2,8,5,3,true,true
60006008905090,600890,PUSH 8 SWAP1,2,14,6,8,true,true
60006009549050,600954,PUSH 9 SLOAD,2,211,203,8,false,true
6000600a549050,600a54,PUSH 10 SLOAD,2,211,203,8,false,true
6000600c549050,600c54,PUSH 12 SLOAD,2,211,203,8,false,true
60006012905090,601290,PUSH 18 SWAP1,2,14,6,8,true,true
60006020909101,602001600090,PUSH 32 ADD PUSH 0 SWAP1,4,15,12,3,false,true
60008054905090,60005490,PUSH 0 SLOAD SWAP1,3,214,206,8,false,true
60008060009050,600080,PUSH 0 DUP1,2,14,6,8,true,true
819150,,,0,8,0,8,true,true
60008060009150,60006000,PUSH 0 PUSH 0,2,14,6,8,true,true
60008060019050,60006001,PUSH 0 PUSH 1,2,14,6,8,true,true
60008110610b5f,6000610b5f,PUSH 0 PUSH 2911,2,12,6,6,true,true
60008190555050,60005550,PUSH 0 SSTORE POP,3,20013,20005,8,false,true
60008214611cbf,8115611cbf,DUP2 ISZERO PUSH 7359,3,12,9,3,true,true
60008385018190,600080858501,PUSH 0 DUP1 DUP6 DUP6 ADD,5,18,15,3,false,true
60009050613212,506000613212,POP PUSH 0 PUSH 12818,3,11,8,3,true,true
60009082018190,600080918301,PUSH 0 DUP1 SWAP2 DUP4 ADD,5,18,15,3,false,true
60009201919091,6000919201,PUSH 0 SWAP2 SWAP3 ADD,4,18,12,6,false,true
600080829150600160008473ffffffffffffffffffffffffffffffffffffffff1673ffffffffffffffffffffffffffffffffffffffff1681,80600060018173ffffffffffffffffffffffffffffffffffffffff84166000,DUP1 PUSH 0 PUSH 1 DUP2 PUSH 1461501637330902918203684832716283019655932542975 DUP5 AND PUSH 0,8,38,24,14,false,true
60015460009081,60006001546000,PUSH 0 PUSH 1 SLOAD PUSH 0,4,212,209,3,false,true
60016000505481,60015481,PUSH 1 SLOAD DUP2,3,211,206,5,false,true
60018190555050,60015550,PUSH 1 SSTORE POP,3,20013,20005,8,false,true
60019050611c2d,506001611c2d,POP PUSH 1 PUSH 7213,3,11,8,3,true,true
60019190910190,9060010190,SWAP1 PUSH 1 ADD SWAP1,4,18,12,6,false,true
60025460009081,60006002546000,PUSH 0 PUSH 2 SLOAD PUSH 0,4,212,209,3,false,true
60029050610ad9,506002610ad9,POP PUSH 2 PUSH 2777,3,11,8,3,true,true
60036000506020,60036020,PUSH 3 PUSH 32,2,11,6,5,true,true
60038190555050,60035550,PUSH 3 SSTORE POP,3,20013,20005,8,false,true
60039050610ad9,506003610ad9,POP PUSH 3 PUSH 2777,3,11,8,3,true,true
60043560009081,60006004356000,PUSH 0 PUSH 4 CALLDATALOAD PUSH 0,4,15,12,3,true,true
600560009055,6000600555,PUSH 0 PUSH 5 SSTORE,3,20009,20006,3,false,true
829050,5081,POP DUP2,2,8,5,3,true,true
829250,,,0,8,0,8,true,true
600a60208190,600a600a6020,PUSH 10 PUSH 10 PUSH 32,3,12,9,3,true,true
601260209081,602060126020,PUSH 32 PUSH 18 PUSH 32,3,12,9,3,true,true
601b81019050,601b01,PUSH 27 ADD,2,14,6,8,true,true
601d60209081,6020601d6020,PUSH 32 PUSH 29 PUSH 32,3,12,9,3,true,true
601360209081,602060136020,PUSH 32 PUSH 19 PUSH 32,3,12,9,3,true,true
602a60209081,6020602a6020,PUSH 32 PUSH 42 PUSH 32,3,12,9,3,true,true
839050,5082,POP DUP3,2,8,5,3,true,true
849050,5083,POP DUP4,2,8,5,3,true,true
6101e0909101,906101e001,SWAP1 PUSH 480 ADD,3,12,9,3,true,true
818301939093,92828201,SWAP3 DUP3 DUP3 ADD,4,18,12,6,false,true
819050919050,5090,POP SWAP1,2,16,5,11,true,true
82905061241e,508161241e,POP DUP2 PUSH 9246,3,11,8,3,true,true
859550,,,0,8,0,8,true,true
43829010610c71,438211610c71,NUMBER DUP3 GT PUSH 3185,4,14,11,3,false,true
50600060095414,5060095415,POP PUSH 9 SLOAD ISZERO,4,211,208,3,false,true
50600260009055,506000600255,POP PUSH 0 PUSH 2 SSTORE,4,20011,20008,3,false,true
60001515610854,6000610854,PUSH 0 PUSH 2132,2,12,6,6,true,true
600034111560f2,341560f2,CALLVALUE ISZERO PUSH 242,3,14,8,6,true,true
60006002549050,600254,PUSH 2 SLOAD,2,211,203,8,false,true
60006004549050,600454,PUSH 4 SLOAD,2,211,203,8,false,true
60006004905090,600490,PUSH 4 SWAP1,2,14,6,8,true,true
60006007549050,600754,PUSH 7 SLOAD,2,211,203,8,false,true
6000600a905090,600a90,PUSH 10 SWAP1,2,14,6,8,true,true
60008114611a32,8015611a32,DUP1 ISZERO PUSH 6706,3,12,9,3,true,true
600090506116b7,5060006116b7,POP PUSH 0 PUSH 5815,3,11,8,3,true,true
6001361015600f,36600010600f,CALLDATASIZE PUSH 0 LT PUSH 15,4,14,11,3,false,true
600190506116b7,5060016116b7,POP PUSH 1 PUSH 5815,3,11,8,3,true,true
60035460009081,60006003546000,PUSH 0 PUSH 3 SLOAD PUSH 0,4,212,209,3,false,true
60045460009081,60006004546000,PUSH 0 PUSH 4 SLOAD PUSH 0,4,212,209,3,false,true
60048190555050,60045550,PUSH 4 SSTORE POP,3,20013,20005,8,false,true
60049050611466,506004611466,POP PUSH 4 PUSH 5222,3,11,8,3,true,true
60056000505481,60055481,PUSH 5 SLOAD DUP2,3,211,206,5,false,true
60059050611466,506005611466,POP PUSH 5 PUSH 5222,3,11,8,3,true,true
60066000505481,60065481,PUSH 6 SLOAD DUP2,3,211,206,5,false,true
6006905061174f,50600661174f,POP PUSH 6 PUSH 5967,3,11,8,3,true,true
60075460001901,600160075403,PUSH 1 PUSH 7 SLOAD SUB,4,212,209,3,false,true
60076000505481,60075481,PUSH 7 SLOAD DUP2,3,211,206,5,false,true
60076000506020,60076020,PUSH 7 PUSH 32,2,11,6,5,true,true
60078190555050,60075550,PUSH 7 SSTORE POP,3,20013,20005,8,false,true
60086000505481,60085481,PUSH 8 SLOAD DUP2,3,211,206,5,false,true
60086000506020,60086020,PUSH 8 PUSH 32,2,11,6,5,true,true
60088190555050,60085550,PUSH 8 SSTORE POP,3,20013,20005,8,false,true
60089050613efc,506008613efc,POP PUSH 8 PUSH 16124,3,11,8,3,true,true
600a6000506020,600a6020,PUSH 10 PUSH 32,2,11,6,5,true,true
908190,8091,DUP1 SWAP2,2,9,6,3,true,true
600c8190555050,600c5550,PUSH 12 SSTORE POP,3,20013,20005,8,false,true
601d90506127aa,50601d6127aa,POP PUSH 29 PUSH 10154,3,11,8,3,true,true
601e90506127aa,50601e6127aa,POP PUSH 30 PUSH 10154,3,11,8,3,true,true
601f90506127aa,50601f6127aa,POP PUSH 31 PUSH 10154,3,11,8,3,true,true
60200150611335,50611335,POP PUSH 4917,2,11,5,6,true,true
60200201515050,505050,POP POP POP,3,17,6,11,true,true
60208083018490,60208383602001,PUSH 32 DUP4 DUP4 PUSH 32 ADD,5,18,15,3,false,true
928390,8093,DUP1 SWAP4,2,9,6,3,true,true
60408051348082,6040604051343482,PUSH 64 PUSH 64 MLOAD CALLVALUE CALLVALUE DUP3,6,16,15,1,false,true
60608301939093,9260608301,SWAP3 PUSH 96 DUP4 ADD,4,18,12,6,false,true
60699050614536,506069614536,POP PUSH 105 PUSH 17718,3,11,8,3,true,true
60739050614536,506073614536,POP PUSH 115 PUSH 17718,3,11,8,3,true,true
60808301939093,9260808301,SWAP3 PUSH 128 DUP4 ADD,4,18,12,6,false,true
608f3360009081,608f60003381,PUSH 143 PUSH 0 CALLER DUP2,4,14,11,3,true,true
60a08301939093,9260a08301,SWAP3 PUSH 160 DUP4 ADD,4,18,12,6,false,true
60c08301939093,9260c08301,SWAP3 PUSH 192 DUP4 ADD,4,18,12,6,false,true
60ff1660ff1681,60ff1681,PUSH 255 AND DUP2,3,15,9,6,true,true
61010d60209081,602061010d6020,PUSH 32 PUSH 269 PUSH 32,3,12,9,3,true,true
6103e760009081,60006103e781,PUSH 0 PUSH 999 DUP2,3,12,9,3,true,true
30319050,503031,POP ADDRESS BALANCE,3,407,404,3,false,true
6298968a549050,506298968a54,POP PUSH 10000010 SLOAD,3,208,205,3,false,true
80600060ff1681,80600081,DUP1 PUSH 0 DUP2,3,15,9,6,true,true
80600080191681,80600082,DUP1 PUSH 0 DUP3,3,18,9,9,true,true
80600181905550,80600155,DUP1 PUSH 1 SSTORE,3,20014,20006,8,false,true
80600381905550,80600355,DUP1 PUSH 3 SSTORE,3,20014,20006,8,false,true
80600481905550,80600455,DUP1 PUSH 4 SSTORE,3,20014,20006,8,false,true
80600581905550,80600555,DUP1 PUSH 5 SSTORE,3,20014,20006,8,false,true
80600681905550,80600655,DUP1 PUSH 6 SSTORE,3,20014,20006,8,false,true
80600781905550,80600755,DUP1 PUSH 7 SSTORE,3,20014,20006,8,false,true
80600881905550,80600855,DUP1 PUSH 8 SSTORE,3,20014,20006,8,false,true
80600981905550,80600955,DUP1 PUSH 9 SSTORE,3,20014,20006,8,false,true
80600b81905550,80600b55,DUP1 PUSH 11 SSTORE,3,20014,20006,8,false,true
80600c81905550,80600c55,DUP1 PUSH 12 SSTORE,3,20014,20006,8,false,true
80600d81905550,80600d55,DUP1 PUSH 13 SSTORE,3,20014,20006,8,false,true
80600f81905550,80600f55,DUP1 PUSH 15 SSTORE,3,20014,20006,8,false,true
80826000191681,808282,DUP1 DUP3 DUP3,3,18,9,9,true,true
80915050919050,92915050,SWAP3 SWAP2 POP POP,4,18,10,8,true,true
81141515611f3c,8114611f3c,DUP2 EQ PUSH 7996,3,15,9,6,true,true
81546000191681,815481,DUP2 SLOAD DUP2,3,215,206,9,false,true
81600281905550,81600255,DUP2 PUSH 2 SSTORE,3,20014,20006,8,false,true
81816000018181,81818183,DUP2 DUP2 DUP2 DUP4,4,18,12,6,true,true
82600481905550,8292600455,DUP3 SWAP3 PUSH 4 SSTORE,4,20014,20009,5,false,true
82600881905550,8292600855,DUP3 SWAP3 PUSH 8 SSTORE,4,20014,20009,5,false,true
60019050,506001,POP PUSH 1,2,8,5,3,true,true
915050506101de,1750506101de,OR POP POP PUSH 478,4,12,10,2,false,true
36600881146104f9,36366008146104f9,CALLDATASIZE CALLDATASIZE PUSH 8 EQ PUSH 1273,5,14,13,1,false,true
3660bd8114611a34,363660bd14611a34,CALLDATASIZE CALLDATASIZE PUSH 189 EQ PUSH 6708,5,14,13,1,false,true
3d602081146134f8,3d3d6020146134f8,RETURNDATASIZE RETURNDATASIZE PUSH 32 EQ PUSH 13560,5,14,13,1,false,true
3d60405181600082,3d6040513d600082,RETURNDATASIZE PUSH 64 MLOAD RETURNDATASIZE PUSH 0 DUP3,6,16,15,1,false,true
4260088190555050,4260085550,TIMESTAMP PUSH 8 SSTORE POP,4,20015,20007,8,false,true
42600a8190555090,42600a5590,TIMESTAMP PUSH 10 SSTORE SWAP1,4,20016,20008,8,false,true
5050600160209081,50506020600181,POP POP PUSH 32 PUSH 1 DUP2,5,16,13,3,false,true
5050600660209081,5050602060066020,POP POP PUSH 32 PUSH 6 PUSH 32,5,16,13,3,false,true
5060033360009081,5060036000336000,POP PUSH 3 PUSH 0 CALLER PUSH 0,5,16,13,3,false,true
5060195460009081,5060006019546000,POP PUSH 0 PUSH 25 SLOAD PUSH 0,5,214,211,3,false,true
5080519050611da0,5051611da0,POP MLOAD PUSH 7584,3,15,7,8,false,true
600034111561015b,341561015b,CALLVALUE ISZERO PUSH 347,3,14,8,6,true,true
6000600060019050,60006001,PUSH 0 PUSH 1,2,14,6,8,true,true
6000600154905090,60015490,PUSH 1 SLOAD SWAP1,3,214,206,8,false,true
6000600354905090,60035490,PUSH 3 SLOAD SWAP1,3,214,206,8,false,true
6000600454905090,60045490,PUSH 4 SLOAD SWAP1,3,214,206,8,false,true
6000600554905090,60055490,PUSH 5 SLOAD SWAP1,3,214,206,8,false,true
6000600654905090,60065490,PUSH 6 SLOAD SWAP1,3,214,206,8,false,true
6000600681905550,6000600655,PUSH 0 PUSH 6 SSTORE,3,20014,20006,8,false,true
6000600754905090,60075490,PUSH 7 SLOAD SWAP1,3,214,206,8,false,true
6000600781905550,6000600755,PUSH 0 PUSH 7 SSTORE,3,20014,20006,8,false,true
6000600854905090,60085490,PUSH 8 SLOAD SWAP1,3,214,206,8,false,true
6000600954905090,60095490,PUSH 9 SLOAD SWAP1,3,214,206,8,false,true
6000600a54905090,600a5490,PUSH 10 SLOAD SWAP1,3,214,206,8,false,true
6000600b54905090,600b5490,PUSH 11 SLOAD SWAP1,3,214,206,8,false,true
6000600c54905090,600c5490,PUSH 12 SLOAD SWAP1,3,214,206,8,false,true
6000600c81905550,6000600c55,PUSH 0 PUSH 12 SSTORE,3,20014,20006,8,false,true
6000600d54905090,600d5490,PUSH 13 SLOAD SWAP1,3,214,206,8,false,true
6000600e54905090,600e5490,PUSH 14 SLOAD SWAP1,3,214,206,8,false,true
6000600f54905090,600f5490,PUSH 15 SLOAD SWAP1,3,214,206,8,false,true
6000602482018190,6000600082602401,PUSH 0 PUSH 0 DUP3 PUSH 36 ADD,5,18,15,3,false,true
6000601a54905090,601a5490,PUSH 26 SLOAD SWAP1,3,214,206,8,false,true
6000604051908082,6040516000600082,PUSH 64 MLOAD PUSH 0 PUSH 0 DUP3,5,17,14,3,true,true
600090506108f2,5060006108f2,POP PUSH 0 PUSH 2290,3,11,8,3,true,true
6001905061098c,50600161098c,POP PUSH 1 PUSH 2444,3,11,8,3,true,true
80939291908181,929190838181,SWAP3 SWAP2 SWAP1 DUP4 DUP2 DUP2,6,21,18,3,false,true
60003411156101ac,34156101ac,CALLVALUE ISZERO PUSH 428,3,14,8,6,true,true
6000806000809050,600060006000,PUSH 0 PUSH 0 PUSH 0,3,17,9,8,true,true
6000806000809150,60008080,PUSH 0 DUP1 DUP1,3,17,9,8,true,true
6000811115610cff,8015610cff,DUP1 ISZERO PUSH 3327,3,15,9,6,true,true
6000811415610902,801515610902,DUP1 ISZERO ISZERO PUSH 2306,4,15,12,3,false,true
6000821015610def,6001610def,PUSH 1 PUSH 3567,2,15,6,9,true,true
6000821115611dd4,8115611dd4,DUP2 ISZERO PUSH 7636,3,15,9,6,true,true
6000841015611738,6001611738,PUSH 1 PUSH 5944,2,15,6,9,true,true
6001543360009081,6001546000336000,PUSH 1 SLOAD PUSH 0 CALLER PUSH 0,5,214,211,3,false,true
6001604051908082,60405160018082,PUSH 64 MLOAD PUSH 1 DUP1 DUP3,5,17,14,3,false,true
6001803360009081,6001806000336000,PUSH 1 DUP1 PUSH 0 CALLER PUSH 0,5,17,14,3,true,true
6001819055505050,6001551450,PUSH 1 SSTORE EQ POP,4,20015,20008,7,false,true
6003543360009081,60035460003381,PUSH 3 SLOAD PUSH 0 CALLER DUP2,5,214,211,3,false,true
6003604051908082,6040516003600382,PUSH 64 MLOAD PUSH 3 PUSH 3 DUP3,5,17,14,3,true,true
6006549050610e26,50600654610e26,POP PUSH 6 SLOAD PUSH 3622,4,211,208,3,false,true
600a54600b549091,600b54600a5491,PUSH 11 SLOAD PUSH 10 SLOAD SWAP2,5,412,409,3,false,true
600a918101919091,80600a919201,DUP1 PUSH 10 SWAP2 SWAP3 ADD,5,21,15,6,false,true
600c54600d549091,600d54600c5491,PUSH 13 SLOAD PUSH 12 SLOAD SWAP2,5,412,409,3,false,true
600e54600f549091,600f54600e5491,PUSH 15 SLOAD PUSH 14 SLOAD SWAP2,5,412,409,3,false,true
6012546013549091,60135460125491,PUSH 19 SLOAD PUSH 18 SLOAD SWAP2,5,412,409,3,false,true
6014546015549091,60155460145491,PUSH 21 SLOAD PUSH 20 SLOAD SWAP2,5,412,409,3,false,true
60195490506115b6,506019546115b6,POP PUSH 25 SLOAD PUSH 5558,4,211,208,3,false,true
6020016001151581,60209001600181,PUSH 32 SWAP1 ADD PUSH 1 DUP2,5,18,15,3,false,true
6020808301919091,60209060208301,PUSH 32 SWAP1 PUSH 32 DUP4 ADD,5,21,15,6,false,true
6064918101919091,806064919201,DUP1 PUSH 100 SWAP2 SWAP3 ADD,5,21,15,6,false,true
60816004506101ad,60816101ad,PUSH 129 PUSH 429,2,11,6,5,true,true
6101048301939093,926101048301,SWAP3 PUSH 260 DUP4 ADD,4,18,12,6,false,true
6101086000505481,6101085481,PUSH 264 SLOAD DUP2,3,211,206,5,false,true
6101056000505481,6101055481,PUSH 261 SLOAD DUP2,3,211,206,5,false,true
6103a08401919091,90836103a001,SWAP1 DUP4 PUSH 928 ADD,4,18,12,6,false,true
3480156010,3434156010,CALLVALUE CALLVALUE ISZERO PUSH 16,4,11,10,1,true,true
6106a49050611f5a,506106a4611f5a,POP PUSH 1700 PUSH 8026,3,11,8,3,true,true
6107089050611f5a,50610708611f5a,POP PUSH 1800 PUSH 8026,3,11,8,3,true,true
61076c9050611f5a,5061076c611f5a,POP PUSH 1900 PUSH 8026,3,11,8,3,true,true
6107d09050611f5a,506107d0611f5a,POP PUSH 2000 PUSH 8026,3,11,8,3,true,true
6108349050611f5a,50610834611f5a,POP PUSH 2100 PUSH 8026,3,11,8,3,true,true
6108989050611f5a,50610898611f5a,POP PUSH 2200 PUSH 8026,3,11,8,3,true,true
6109609050611f5a,50610960611f5a,POP PUSH 2400 PUSH 8026,3,11,8,3,true,true
610d7a9050611f5a,50610d7a611f5a,POP PUSH 3450 PUSH 8026,3,11,8,3,true,true
